问题标题,问题描述,回答1,回答2,回答3,回答4,回答5,回答6,回答7,回答8,回答9,回答10,,,,,,,,,,,,,,,,,,,,,,,,,,,,,,,,,,,,,,,,,,,,,,,,,,,,,,,,,,,,,,,,,,,,,,,,,
老外问为什么中国没有公共洗衣机？,今天跟HelloTalk一个美国小姐妹聊天，她好奇问我为什么中国没有公共洗衣机？ 她说很多美国人都喜欢用公共洗衣机，还有人会用来洗鞋子和洗内裤，然后下一个人继续洗衣服。她觉得虽然有点脏，但因为便宜又好用也没啥，公共洗衣机比手洗要干净得多了。 我天，洗衣机这么私密的东西美国人居然能接受公用！我很好奇为啥美国人这么有钱不自己装洗衣机啊？都住得起大别墅了不能装洗衣机吗？,"真tm恶心。。。
想起那帮美国人把臭鞋子屎裤头烂袜子，泥比面料厚的外套，不知道有几人体液的床单，口袋里还有叶子/也可能是香烟的牛仔裤，也放公共洗衣机里洗。。。
我就觉得无人公共洗衣房完全就是一种反人类的设施。。。","一个大学宿舍四个人，都有能不能用洗衣机洗内裤袜子的矛盾。
照顾整个街区的公共洗衣房？
你知道里面洗过什么玩意？","这个简单，立法不允许晾衣服就行。
美的，格力，海尔……他们要是敢去推动这样的法律，你看中国人民会不会捶他们就完事了。
但美帝的基本盘同意了","因为中国的工业品很便宜。
你出去租个一千左右的一居室，房东都得给你把空调、WIFI、冰箱、洗衣机准备好。
没有这些东西，年轻人根本就不租的。","中国没有公共洗衣机，那我校学生宿舍楼的水房里摆的是什么东西？
离心机吗？",因为中国人讲卫生、讲隐私、买得起、用得起，就这么简单。,"很简单：请看下图，你们见过这种洗衣机吗？
377块钱，包安装。
然鹅，你以为这就完了？
它特么还有一堆功能！泡洗漂脱！轻柔快洗毛毯羽绒服......
你以为这就结束了？
请看下图：特么，卷死了！
最后，你以为这就完了吗？
去年初我给家里买了一台两三千的，腹部塞衣物的那种。
然后，我跟父母说平常衣物用这个洗。
另外咱再买一个上面那种，窗帘围裙之类大件用上面那种洗，装的多，劲大，坏了还不心疼。
我妈说：用不着，厢屋那个用了十几年的，劲儿更大，坏了更不心疼。
PS：这个用了十五年的老洗衣机，转起来，有一种随时会将外壳甩飞的威猛感觉，它的回收价格30块钱。",你问问她，一台全新的全自动波轮洗衣机，10kg级别的，100刀包送货上门安装调试，到手即用的。她还会爱上公共洗衣机么？,前几天看到一个小天鹅的洗衣机是一个大桶➕两个小桶。因为讲究点的中国人要把外衣和内衣内裤分开洗。这真的是自己都嫌弃自己不干净。还指望中国人去用公共洗衣机？那不是嫌弃的要晚上睡不着觉了。,中国gdp哪怕翻到现在10倍，公共厕所都得修蹲坑。,,,,,,,,,,,,,,,,,,,,,,,,,,,,,,,,,,,,,,,,,,,,,,,,,,,,,,,,,,,,,,,,,,,,,,,,,
你们这辈子为自己买过最贵的东西是什么（房子车子除外）？,无,"一把刀
一把日本武士刀
算是强买强卖，但是我只能接受。
如果可以，我不想要。
16年我发小创业，他大学专业动漫设计，开了个工作室。
我当时刚毕业，没多少钱，就把手里5万借给他了
18年我去看他，他过得不好，工作室生意惨淡，他每天疲于奔命，压力特别大，我见他的时候，他胡子拉碴，身上穿着皱巴巴的西装，四处跑业务，缺依然入不敷出。
我告诉他不行找个专业对口班上一下，先学习一下成功的模式，然后再积累一些人脉关系，最后条件允许，出来单干创业，也许会好一些。
他眉头紧皱，不甘心，觉得那样太慢，而且他有他的压力，他告诉我手里有一个大单，吃下来就能生存，他决定放手一搏，继续投工作室，然后招兵买马，四处借钱贷款。
我当时手里有点钱，但我并不看好工作室的前景，所以我告诉他我不能再借给他，我在他那里待了一天，晚上吃完饭，我们在办公室聊天，我看到他储物柜上面有一个长方形的仿古木盒，好奇打开后我心里非常欢喜。
木盒里放着一把武士刀，是他去日本的时候买的，很长，非常精致，黑色刀鞘，抽出来白光莹莹，锐不可当，我很喜欢，爱不释手，看得出来他也很喜欢，犹豫再三，还是没张开口，恋恋不舍放回去，第二天我就走了。
19年的时候，有一天我回家，车库大叔说有我一个快递，我心想没买啥呀，大叔从车库搬出来一个长包裹，我上手发觉有些份量，回家打开，那把武士刀静静的躺在盒子里，
旁边还放着一封信，文字不多，我看完后泪水已经湿透了信纸。
他创业失败，感情受挫，再加上痛苦的成长经历，种种压力下他选择自我解脱，临别赠言：
身无长物债难还，此刀相赠保君安。
窗明几净青山隐，万里长空情未还。
过去这么多年，我总是在想，如果我当初没有借给他钱，他应该会过来看我一眼，我们喝喝酒，聊聊天。
我那么敏感的性格，一定可以看到他眼底的落寞，
或许，两句宽慰的话，一份真挚的情，可以让他体会到一丝的温暖，可以让他对这个世界有些许眷恋。","仙人跳。
刚毕业那几年，经常锻炼，火爆难忍，微信附近人加了微信，约先订房见面付款，一会一辆三菱evo到了酒店门口，下来一女，完全不是一个人，我未定房，约到酒店门口，觉得也还凑合，让先付款，某宝扫码付款60美元，此女称上车拿包，上车后疾驰而去。
留下问号脸。
后查阅文档，方知乃仙人跳是也。
后续还得此伙人微信威胁转余款，我谩骂一通，立马拉黑。脸皮薄，未报馆。","✔️我买了一条有祖母绿吊坠的铂金项链，四千多块钱，已戴了十三年，偶尔换其他项链戴几天，依然最喜欢这串项链，百看不厌。
其实项链没有什么特殊意义，就是2013年我们几个好朋友一起约着买了几颗当时流行的祖母绿玉石。然后到珠宝店定制做成铂金镶嵌的吊坠，同时买了铂金项链搭配。
那年三十出头，身材窈窕，长得还算清秀俏丽。买的衣服裙子不过几十百来块，主打一个穿款式，图经济实惠。
🔆这条4000多的项链已经是我咬牙买过最贵的首饰，到今天也没有超越。
✔️原来二十来岁时候爱捯饬自己，画眉涂口红夹弯睫毛。仗着年轻肤白可爱，穿得很明艳，红绿黄蓝颜色都敢往身上套。蓬蓬裙、蕾丝、蝴蝶结、波点也是心头好，紧身裙掐腰款，一年四季各色长短款裙子傍身。
虽然爱打扮，但舍不得花钱买品质款。很多衣服包包裙子都像“速食面”一样，一年几换，就图价格便宜赶时髦。
衣柜里满坑满谷，但仔细挑起来，几乎没一件拿的出手像样的衣服。不是容易起球，就是扣子几天掉了。大部分衣服做工粗糙，材料一般，没穿几次就皱巴巴，脱线，要不就是掉色缩水……
✔️十多年来，这串“昂贵”的项链一直保管得好好的，始终是我出镜率第一的配饰。我一向不舍得花钱给自己置办首饰啥的，也不是因为手头没钱，实再喜欢也拿得出万儿八千买新的。
但不知为什么，始终没有再买过更贵的项链。我手上还戴着一个玉石手镯，15年了从未取下来过。是2011年去瑞丽旅游时熟人介绍店里买的，价格不过一两千块钱。
长在手上的镯子（很便宜）
✔️昨晚在微信群里聊到黄金首饰，大家说到了婚戒啥的，我才突然想起来曾经有过一枚小小的戒指，当时才两三百块钱（金价80多）。我可能只戴过几天吧，现在早就不知道搁哪里了。
不管是几十一百块的廉价衣服，还是几千的项链，它们的意义于我都是一样的，悦己是最重要的，价格高低都没有影响我爱美的心情。
但是呀，到一定年纪之后发现，好的品质和质量的确更体面一些。不会突然炸线，四处冒线头、掉扣子起球皱巴巴。
好的东西不在于多，而在于心仪合适价格适中。适当给自己买点喜欢的物件，也是愉悦心情的良方。最近几年，我也会买稍像样点的衣服裙子了。一些经典大方的款式，买着贵穿着不贵，几年都不过时
香格里拉独宗古城
就像那串项链，历久弥新，我一直喜欢戴着。我记得它们磨损的光泽。贴着体温，浸着岁月，陪伴我从晨光到暮色，从青年到中年。它好像成了我的一部分——一种沉静的、会呼吸的、带着体温的纪念。
很多照片里都有那串项链的影子，如同最好的感情，历久才见真淳。我们在时间里互相成全，一起在光阴里变得温润、笃定、枝繁叶茂。
🔆前几年热播的电视剧《我的前半生》里面，记得剧中的经典画面：唐晶与贺涵分手时说：你说你不太会爱护人，其实只是因为，我不是你真的想去爱护的那个人。
戒指好看，我可以自己买。
好喜欢唐晶的角色","1989年我15岁，那个时候改革的春风已经吹到了内陆，我所在的城市陕西铜川，路边开始有了录像厅，那时的我们经常呼朋引伴一起去看偶像，当时港台剧的影响我们那个时候是把哥们一起放在第一位的。
就是那个暑假我的一个同学约我去看录像，并给我买了票（0.5元）。在观看的时候，这个同学和后座发生了一些争执，后来发展成为肢体冲突，当时年轻气盛的我们你会无视这种可以为朋友两肋插刀的事情。一番正义的出击之后，我成功的将对方撂倒。
当日其实心里还是很恍惚的觉得害怕，因为不知道讲对方。打成个什么样？第二天获悉其在医院住院，我妈在陪护，也不知道哪里来的那股邪乎劲，我又冲到医院将对方暴打一顿，并告诉对方，如果不出院，继续和我们家我见一次打他一次。
如果第三天我在朋友家的时候被派出所请去。后因故意伤害被判处而有期徒刑，当年其实我的成绩挺好，稳稳的是年级前三。可就是因为这张0.5元的录像票，因为为朋友两肋插刀的义气，为港台片所宣讲的人生观（个人理解）我付出的代价太大，没有办法用金钱衡量。
多年后我成了父亲，在育儿方面。我会很注意孩子的个人成长，我是真心的认为成绩并不是最重要的，而是人接物，有一个积极向上，健康的心态才是最重要的。","24年初一夜花了三十万买了一个行李箱（一个用钱砸出来的场合官方送的…）
每次想到都会想落泪的程度，尤其是最近在看去南极的奢华邮轮行，对我而言很贵很贵，15万一张票，我很想去一次。
但是我那个晚上花掉的钱够买两张😭😭😭😭😭😭😭😭😭😭😭😭😭😭😭",,,,,,,,,,,,,,,,,,,,,,,,,,,,,,,,,,,,,,,,,,,,,,,,,,,,,,,,,,,,,,,,,,,,,,,,,,,,,,
人活着的意义是什么？人应该怎么活着？人在怎么活着？你的生活模式是什么样的？你的老年生活是什么样的？,"你周围的人是怎么生活的？你周围的老年人是怎么生活的？你对现在的生活方式满意吗？你理想中的生活方式是什么样的？你认为老了时过上什么样的生活就满足了？
我提这个问题，是想让更多的人参与到生活模式的讨论中。我想通过大家的回答和评论，了解大家对养老模式的需求，从而构想出更合理的生活模式和养老模式。
都必须要争出个对错才行。无用的对错比什么都重要，亲情比人的生命，感情，亲情都重要，因为要争个对错，要证明自己是对的，骂，打，甚至命也不要了，要了对方的命。这是为什么呢，要求人无私奉献，而又批孔，为什么呢，我努力的思考这个问题，就是用假仁孝代替了真仁孝，仁是双向的，君正臣忠，父慈子孝，兄友弟恭。为什么要反孔呢，目的就是让家不和睦，让村不和睦，让乡不和睦，让国不和睦，为什么这样呢，家村乡国和睦了，就会一同抗外，就会要求公平自由，就有了独立思考的能力，就不愿被一个人控制了，就不可能出现被一个人操控的局面了。在一个家里也要争权威，争夺控制权，是人生最大的悲哀啊。家里是生活的场所，是讲爱的地方，不是争胜负的地方，更不是控制亲人获胜的地方。家里成了战场，人类的悲哀啊。
刷小视频能开心，也是一种快乐的活法。从你这个回答看出，你潜意识里在寻找人活着的意义是什么，按活着的意义去活着，不然就是浪费生命。假如人活着的意义是学更多的知识，那就应该去学校里学习，放羊就是浪费生命。假如人活着没有标准的意义，那怎么活也是一种意义，就无好坏意义之别了，怎么活着也行了。怎么活也行，悲伤忧愁是一天，健康快乐也是一天，所以我想如果找个相对有意义的活法，那标准就是健康快乐。
东北人为什么要睡在一个炕上，不尴尬吗。人类要传承下去，生生不息，最重要的是活下去，人活着的意义也主要是活下去了，所有的生活模式也是为了活下去。六十岁以上的老人到山洞里自生自灭，也是为了让后代活下去，战争是为了活下去，和平是为了活下去，自私是为了活下去，无私还是为了活下去。无论战争有多残酷，如诸葛亮的火攻术，火烧新野，火烧赤壁，一把把火，烧死多少青壮年。战争中与城共生死，战胜后被屠城。无论统治者多残暴，废书坑儒，用各种理由灭功臣三族，四族，九族，十族，结果最终是越来越多了。因为人类游戏的主角离不开人，把人杀亡了，一个人怎么游戏呢。所有战争与残暴的目的都只是为了震慑。当人口总量和当时的生产模式相适应时，战争就停止了，进入了和平生产年代。当产出少于人生活所需时，战争又开始了。
控制人口数量，是避免战争的必要条件。人口少了，相对人均资源就多了，就允许人们和平共处，友爱互助了。","一段非常有道理的话：“赚过大钱的人和没赚过大钱的人有一个不同就是，没赚过大钱的人有一种长期思维，天天赚钱，月月赚钱，年年赚钱，因此他们的赚钱目标很明确，只要有钱就赚，如果短时间付出劳动没有变成钱就慌了，就记着找下一个赚钱的门道，这就导致哪一个门道都没摸清，钱也没赚多少，身体还累垮了。”

俗话说：“急着换路的人，永远走不到有钱的地方。”
现实生活中，很多人对长期思维有个误解：以为没赚过大钱的人更踏实、更长久，天天赚、月月赚才叫稳。

可现实恰恰相反，真正没赚过大钱的人，最缺的，就是真正的长期思维。
他们不是不急，是太急了。急着今天劳动，今天就见钱；急着这个月付出，这个月就回本；急着一条路走几天没回报，立刻掉头换一条。
他们的逻辑很朴素：只要有钱就赚，只要能立刻变现，就值得干。看上去很务实，很接地气，其实是被即时回报绑死了。
因为没见过大钱，所以不敢相信慢的回报。

看不见的积累，他们不信；暂时换不来钱的深耕，他们慌；需要熬、需要等、需要沉下去的事，他们怕。
于是一辈子都在刚入门就撤退：这个行业刚摸点门道，嫌赚得慢，换；那条路刚有点起色，嫌来得少，走；一件事刚要进入红利期，人已经跑了。
结果就是：哪条路都没走深，哪个门道都没吃透，一直在底层打转，一直在用体力换小钱，一直在“忙、累、慌、穷”里循环。
而真正赚过大钱的人，反而懂一件事：钱不是靠“天天换路”赚来的，是靠在一条道上熬到临界点赚来的。
他们不怕暂时不赚钱，不怕眼下没回报，不怕别人说他们不务正业、慢半拍。

因为他们见过：一个人、一门手艺、一个方向，只要扎得足够深，钱会像洪水一样涌来，比你打十份零工、换百条路都多。
没赚过大钱的人，困在立刻要兑现里；赚过大钱的人，赢在敢等值得等的。
天天忙着找赚钱门道的人，往往是最赚不到大钱的人。

真正的门道，从来不是找来的，是沉下心、忍住慌、扛住累，一点点磨出来的。
人这一辈子，不怕走得慢，就怕总在原地掉头；不怕暂时没钱，就怕一慌就乱换方向。

故而，你能在一件事上稳住多久，人生，就能给你多大的回报。","搬家了，去了附近的教会体验了一下。

教会有两种人。
一种是熟读圣经的聪明人，聪明人很理性，他们的快乐源泉是支配控制你。
还有一种属于蠢人，啥也不懂，纯感性，这些人的快乐源泉就在于无脑。
无脑使人快乐，盲目的崇拜就是加倍的快乐。
所以我在教会里面很喜欢跟蠢人打交道，都是被筛选出来的蠢人，跟他们打交道感觉很舒服，作为一个杏仁核强大的人，从他们身上无法感受到任何攻击性，防御模式是关闭的，着让我非常喜欢。
但我是属于异类，既不是蠢人，不会被支配。同时我也不喜欢联合聪明人来支配蠢人，所以经常被赶走。

蠢人能获得快乐，同时这个信仰可以提供强大的安全感，神能保佑你。
你别笑
钱也只是一个概念，是不是它就能提供安全感？
所以神可以是加强版的钱
你信了就能获得安全感
前提你是个蠢人才行
蠢人不会感受到那些聪明人是如何支配他们的

你蠢会被人骗，被人耍
但聪明并不会让你开心，越聪明越能发现危机，然后进行分析，最后焦虑。
我觉得应该折中，在外要聪明，在内要蠢，完全放弃思考，就无脑的耍手机、打游戏，追剧。

人生的意义就是结合所有元素的事情，就比如教会就可以做到。
前提你是个蠢人，可以无脑的快乐，你是神的子民，可以获得血清素，你为了教会做贡献可以得到催产素等等。
但如果你是个聪明人，你可以通过支配蠢人来获得血清素，让他们捐钱，做他们的生意来获取多巴胺。
所以很多年轻人不快乐，就是变聪明了，无法回归到教会里面。就算回去了，也无法做一个快乐的蠢人，而只能去支配蠢人。","活着最有意义的就是“愿得一人心，白首不相离”心上有个人活着才精神。
若无人思念，再美的日子也显得苍白。若无人可依，城市再喧嚣，都找不到自己的精神支柱。若有一人，可念、可思、可忆，已是活着最大的恩赐。
人活一世，无非就是图那么一点牵挂和真情，无非是心里有慰藉，灵魂有寄托，无非就是千山万水间，总有一个人的眉眼，能挑起你心动的涟漪和温柔的欢喜。每个人心里都住着一个让自己朝思暮相的人。
有时侯我们总以为，人生的某个阶段的不如意就是遗憾的。就像年少时，渴望长大；长大后，又怀念曾经的轻盈；年迈时，望着镜中被岁月雕刻的脸庞，感叹时光流逝。
时常想着：人生活着的意义是什么？该怎么活着，人在怎么活着，要以怎样的方式度过一生，老了以后怎么办等等一系列问题。
但我想说的是我们每个人故事都由自己来书写，又何必把自己人生经历写的那么悲伤，既然我们都是无法重来的一生，那就让自已活得自由。不要再患得患失，在意从前，又但心将来。
若站在时间的彼岸回望，会发现每个年龄的你，都是恰到好处的存在。
十几岁的你，眼里藏着银河，心中揣着风。世界像是一个巨大的游乐场，每一寸风景都鲜活，每一份期待都滚烫。你相信风可以带你去任何地方，也愿意为了一首喜欢的歌，一场突如其来的雨，一封尚未寄出的信，心潮澎湃。你喜欢幻想，喜欢在夏夜的操场上，躺着数星星；喜欢在日记本里写下天马行空的梦想，喜欢在镜子前试穿未来的模样。
你也会因为一句话红了眼眶，因为一次告别久久不愿释怀。你把喜欢写在脸上，把悲伤藏在心里。可你不知道，现在的你，已经足够好。
也不必试迎合世界，你的赤诚、你的纯真、你的不服输，都是珍贵的光。未来会到来，但此刻的你，也正是最恰到好处的自己。
二十几岁的你，带着懂憬闯入人间烟火，开始习惯风雨交加的旅途。你明白了努力和结果并不总是成正比，喜欢和合适之间总有落差，成长总是伴随着失落。
你学会了在陌生的城市里，独自走进一家餐馆，点一桌热气腾腾的饭菜；学会了在夜深时给自己泡一杯茶，听窗外风声低吟；学会了把心事藏进歌里，在某个无人知晓的角落，悄悄地释怀。
有时候，你会怀疑自己，是不是走错了路，是不是不够优秀，是不是配不上那些更好的东西。
但请相信，迷茫并不可怕，失败也不是终点，真正的成长是在一次次跌倒后，仍愿意站起身，继续前行。
我们这一生要自己上路，路过踌躇满志，路过困顿怀疑，路过傲慢无礼，路过幡然醒悟，路过接受理解，路过自己的一生，毕竟人只有一个使命，走向自我，找到自我，成为自我，超越自我。","我观蜉蝣一日，正如宇宙观我一生。与宇宙而言，每个人的一生如蜉蝣一般渺小，并没有多大的意义。而与个人而言，却意义重大。既然这样，活着的终极意义便引人遐想。活着的意义到底是什么？是扬名立万？是富贵缠身？是繁衍子嗣？看未来远不如看过去来的清楚，激昂困惑交织在的心头。每个人生下来的那一刻，一生的剧本框架便由生辰八字书写显化完成，牢牢刻在基因之中，这便是性格。自古以来就流传着江山易改，本性难移的名句，性格改变的难度可见一斑。我们能够做的，就是用心去揣摩自己人生剧本中的角色扮演，在已经搭好的戏台上，唱你该唱的戏。
宏观来看，人生本身并没有什么意义，就像昼夜起伏一样平常不已。春夏秋冬，四季更迭；生老病死，几世轮回。但聚焦到我们每个人的身上，活着却难能可贵。尤其是作为人活着，更难能可贵，因此要学会珍惜，并好好修心炼性。修的就是能够无限趋近于不以物喜，不以己悲的澄明心态。
每个人的剧本各有不同，有的人出生富贵，有的道路泥泞。各有各的风景，不必羡慕他人。孟子曰：“求则得之，舍则失之，是求有益于得也，求在我者也。求之有道，得之有命，是求无益于得也，求在外者也。”也就是说，修心明慧等内求在我得亦在我。而功名利禄等外求在我而得在命。与其向外求，还不如修心明慧求得兼在我，从而以内求带动外定，形成良性循环。",题主的思想有点混乱，纠结不清。推理相互纠缠。我觉得，人类已经生活在社会中，应当以社会这一整体去把握、分析各种纷繁不定的事物。从人类自身考量，生存条件的改善，是首要的。为此做出的各种努力是理所当然的。但是，这个理，并不是某人或某几个人确定的。例如，弱肉强食，这自然界已然如此。人类是思维极其发达的高等动物。不应该横强势霸、强取豪夺、肆意妄为。获利应该通过正当渠道和手段取得。不要以为，财大气粗，就可以横强霸道、为所欲为。作为在社会主义国家内，应该有正确的三观，坚决抵制错误言行。努力工作来改善生活条件。正确把握个人、集体、国家的关系，不要学那些贪官污吏去唯利是图，资本主义那一套极端个人主义应当坚决摈弃。,,,,,,,,,,,,,,,,,,,,,,,,,,,,,,,,,,,,,,,,,,,,,,,,,,,,,,,,,,,,,,,,,,,,,,,,,,,,,,
『零负债人群』引发热议，为什么越来越多年轻人选择零负债生活？这反映了怎样的社会心态？,,"零负债人群的含金量正在提高。
说到快乐多巴胺的产生程度，男欢女爱排名第一，排名第二的就是还清债务，所以当我们这些所谓的苦逼中产，看到零负债这个词的时候就特别眼馋，因为羡慕嫉妒恨啊！
最近“零负债人群”意外成为社交平台热议焦点，这一类人从不借钱消费，物欲非常克制，因此具有高自由度的生活模式，被调侃为“比大熊猫更稀有的人生赢家”。
这类人普遍有一些特点，首先就是财务绝对安全。不买房，不买车，不用信用卡，不开通花呗，反正绝对不借钱消费。当然有些人可能是因为买房比较早，比如2000年之前买房的，那当然不会有太多负债。也有些人可能是全款买房，就算亏也不用金融杠杆，主打一个不让银行占一点儿便宜。
第二点就是他们量入为出的消费习惯，非常理性。每个月到手的工资先存一部分，花钱扣扣索索，满足基本需求就好。相比而言，我们这些入坑的人，每月的发薪日其实就是还款日，房贷一还，消费贷款一还，基本上账户上也没剩多少了。能够覆盖本月的消费就不错了，更不用提存款。
由于没有贷款，有存款，于是他们的心理状态更加自由。最直接的表现就是生活没有压力，不焦虑，没有恐惧感。这种状态反映到职场表现上，就是无所畏惧，敢叼老板，因为老板根本拿捏不了他啊，还得求他干活不是？
所以说时代在飞快地变，以前我们老觉得年轻人得有抱负啊，要有车有房，干一番事业，借点钱根本不是啥问题啊。那个时候，不负债不买房的简直就是被人鄙视，觉得他们没有追求啊。
现在好了，零负债人群的含金量正在提高，优势还将继续显现。当你还在为还在贷发愁的时候，他们每个月的存款在不断增加；当你一边消费一边肉疼的时候，他们却可以用一碗拉面怡然自得；当你在职场焦虑和畏缩的时候，他们却可以自由任性…
就像财富自由人群是少数，这一类零负债人群也是属于少数。据说90后里面只有10%的人没有负债，也有60，70那些买房比较早的也没有负债，但是谁也保不准老一辈会不会给下一代买房而负债呢？
像我们这些已经入坑的，其实也没有太快的填坑方法。普通上班族，也只能是继续打工，虽然钱难赚那啥难吃，但是毕竟有一份相对稳定的收入来支撑你的负债和生活。有时候或许上班带着情绪，但是在你没有找到其他有效的路子之前，还是苦中作乐，忍忍吧。
除此之外，不妨借着负债的现实倒逼自己一把。佛说，世上没有白渡的劫。如果说你必须遭此一劫，那是让你同时也要带走一些东西的。你对于负债的认知，对于负债的体验，你为了还债锻炼出的抗压能力，包括你发展出的赚钱能力，这些都可以说是你同时得到的东西。
羡慕别人，或者抱怨自己其实都没有什么用，还是先稳住阵脚不乱，再作长期打算。",一个普通人零负债才是正常状态吧，又不是什么需要资金周转的生意人。借钱去买一些本来买不起的东西（除了贷款买房子），这种人原来一直被视为正常人吗？那只能说消费主义洗脑确实厉害。,"这个比较好理解，就是房地产周期带来的一个衍生概念。
简单来说，中国人日常开支里面，最最最大的，就是买房，其他的衣食行医教成本都不高，因此，如果你不寻求买房，或者不寻求在大城市买房，你背负贷款的概率就很低。
而涉及到买房，就又涉及到房地产周期。
房地产上行期，大伙都在想办法凑钱买房，也包括年轻人，背负贷款也好，鼓励父母把养老本给自己也罢，都要不惜一切代价去买房。
房地产下行期，大伙买房动力就瞬间清空了，除了刚需。而我国每年买刚需房的需求实际上只有1/3，光靠这些支撑不起房价，于是房价跌跌不休，大伙也就没人买了。
没人买房子，导致的就是存款储蓄率过高，负债意愿的下降。",买房买不起，买车日常也没多大需求，每天除了上班就回家睡大觉，玩玩游戏什么的，哪里来的那么多诗和远方，本来日常消费就低，还负债就说不过去了，结果像这种人现在还要被人说躺平，努力把力给自己上上强度？？？？,1.如果还有选择，我也宁愿0负债，即使3-5年的债务也很快就能熬过去，可是一当背上30年的房贷，就会伴随自己的一生，如果当收入的时候，真的是睡不着觉。,,,,,,,,,,,,,,,,,,,,,,,,,,,,,,,,,,,,,,,,,,,,,,,,,,,,,,,,,,,,,,,,,,,,,,,,,,,,,,
导致目前社会上在人与人之间存在的自私、冷漠、甚至损人利己等状况的根源到底是？,"生活中时时处处防不胜防，稍不注意就可能掉进别人有意或无意设置的各种陷阱之中。如:
1、各种各样无法计数的在方方面面各个环节的食品安全问题。
2、生存环境的安全问题。水、空气、土地等等的被污染。
3、各类建筑的安全问题。

社会上有好人就会有坏人，这我能理解。但怎么感觉损人利己的人现在也太多了？
这些事情的根源，到底在哪呢？


我的一点粗浅看法，请大家指正。也作为抛砖引玉，:
1、“仓廪实而知礼节，衣食足而知荣辱”。而当普通人的生存资源被特权阶层巧取豪夺，导致资源严重不足、朝不保夕，于是每天被迫疲于奔命。
即，自顾不暇，无力他顾？

2、受西方奢靡之风的影响，普通人日常生活的文化领域已长期被腐蚀。

3、我国的传统文化中很多非常宝贵的、值得代代传承的文化，长期被轻视、被随意丢弃？","在许多自然纪录片里，经常能看到大型猫科动物捕猎的镜头，它们捕猎的对象通常是斑马、瞪羚之类的食草动物，而这些食草动物往往是群居的。
食草动物群当中的老弱病残，最容易成为大猫们的猎物。
仔细观察还会发现一个奇特的现象，虽然狮子的袭击会在猎物群体当中形成一时半刻的恐慌，可一旦有个倒霉的猎物被捕获了，群体中的其它动物很快就会停止逃窜，找个地方低下头继续吃草，就像什么都没发生一样。
其实多看看动物世界就知道了，许多时候，虽然斑马野牛这些食草动物们往往成群结队，看起来浩浩荡荡很有安全感，但是，对于群体中那些老弱病残不幸被捕杀的倒霉蛋们来说，群体的力量根本就保护不了它们当中的谁。
类似的情况在人类身上也存在着，曾经有个很古老的笑话，说的是两个人在森林里遇到了熊，当时吓得拔腿就跑，一个人对另一个人说：“别跑了，人不可能比熊跑得快！”
另一个人边跑边说：“我知道我不可能比熊跑得快，但只要跑得比你快就够了。”
假设两个人当中，跑得慢的那个，被熊吃掉了。
造成他死亡的直接原因当然是熊，但如果他跑得足够快，他就不会死，所以，造成他死亡的另一个原因很明显，就是他比别人跑得慢，或者反过来说，别人比他跑得快，一个意思。
对于动物来说，作为老弱病残，别的同类比自己更健康，更强壮，代表着一旦遇到危险，自己很可能是被牺牲掉的那一个。
如果是食草动物，同类们会远远地将你甩在后面喂狮子；
如果是食肉动物，同类们会先你一步抢走你的猎物，甚至将你赶出你本就不大的领地；
如果是雄性动物，同类们还会先你一步抢走你心仪的配偶。
这一切的一切，都是因为，你前头有人，而你又很难成为前头的那部分人。
所有生物都具有趋利避害的本能，哪怕是单细胞的草履虫。
自然界的动物们，大到狮子老虎，小到蟑螂蚊子，都需要拼尽全力地活着，争夺食物，争夺领地，争夺配偶，争夺资源。
有一个词叫“争先恐后”，落后，意味着生存资源的匮乏，意味着安全感的缺失，甚至意味着灭亡。
两个人在熊的追赶下逃命，他可能根本不敢回头看那头熊，哪怕是看一眼的勇气都没有，唯恐回头的一刹那就被熊追上。
但是，他能看到前方拼命奔跑的那个人，他会固执地认为，是他断了自己的生路，天杀的，他为什么跑得这么快！我不能落后！我不能死！见鬼！为什么不是他留下来喂狗熊？他什么时候能筋疲力尽地倒下？他什么时候能摔一跤？上帝保佑，如果落在后面的是他，那该多好！
在生死攸关的时候，一个人无论产生什么样恶毒的心理，都是多多少少可以理解的。
但是后来，那头熊追得累了，早已经放弃了追捕，而这两个人却全然不知。
一个仍然在拼命狂奔，试图追上前面的那个人，好让他留下来喂狗熊；
另一个也仍然在拼命狂奔，试图将后面那个人越甩越远，甚至期待着那头熊快点吃掉他，这样一来，自己就能歇口气了。
虽然人类已经步入了文明社会，可是，有文字记载的历史，不过也仅仅几千年。
此前几十万年漫长的进化当中，人的许多行为模式，其底层逻辑是不会变的。
在现代社会当中，人类虽然不用再担心被狼熊虎豹这样的野兽吃掉，不用再担心被冻死饿死，但那种刻在基因当中的，对于“落后”的恐惧，仍然是根深蒂固的。
虽然现在城市里，哪怕农村里也没有熊吃人了，可是时至今日，仍然有一些父母在用类似的说辞恐吓着自己的孩子：
“不好好学习，将来你就等着掏大粪/扫大街/拧螺丝…………吧，你以后有吃不完的苦！”
“不努力工作，不攒钱，你将来就娶不上媳妇！不好好打扮自己，不减肥，你就嫁不出去！结不上婚，没孩子，老了没人伺候你，孤独终老可悲惨了！”
其逻辑就像：“你必须快点跑！跑得慢就会被熊吃掉！”
和前面的例子不同的是，这次，在熊口之下准备逃生的人，有许许多多；
“熊”也不再只有一头，也有许许多多。
每个人从出生开始，就落入了这样一个困境：
生存需要资源，而资源有限，还有许许多多同类与你争夺这些有限的资源。
而每一个人，都需要在这个困境当中去努力挣扎求生。","也许从“老实人”成为笑柄开始的 也许是从岳不群成为“君子”的代言人开始 也许是“笑贫不笑娼 ”的社会风气 也许是再也不敢伸手扶起倒地的老人
当水滴筹链成为敛财工具 红十字会“众筹”郭美美
这些不是问题的表象 不是“症状” 而是社会高烧时皮肤上鼓起的一个个脓疮 里面包裹着信任的坏死脓液
“老实人成为笑柄” 这是社会公平规则失效的最直接后果
当规则不保护遵守它的人 遵守规则就成了“傻”和“迂腐” 这是对“善有善报”最基础的信念摧毁
“水滴筹”被滥用 郭美美被“众筹” 是监督和惩罚机制失灵 当人们的善意被系统性地利用 欺骗 而作恶者并没有付出应有代价时 信任就成了昂贵且脆弱的奢侈品
这不是“冷漠” 是普通人交了无数次“智商税”和“良心税”后 痛定思痛的【心理止损】
当一个社会 没有人去敢扶倒地的老人 这不是简单的道德滑坡 而是经典的恐惧共识 【高额讹诈风险 + 法律与舆论的不确定性】远高于【良知带来的满足感】
帮助他人的行为可能让自己倾家荡产时 “冷漠”自然就成了无奈 理性的自保选择
当岳不群成为“君子代言人”它意味着我们社会评价人的“标尺”已锈蚀 人们不再关心一个人是不是真君子 只关心他“像不像”个君子
当“伪善”能带来巨大利益并大行其道时 人们对所有高高在上的道德说教会产生本能的厌弃和嫌恶 既然“真假难辨” 倒不如一概不信
“笑贫不笑娼”则给整个社会下达了一个粗暴的判决
结果（有钱/成功）正义高于过程（手段/道德）正义
当“怎么赢的”不再重要 “赢”就是一切时 损人利己就不再是心理负担 而成了“成功学”的必备章节 也是“厚黑学”“老狐狸经”大行其道的原因
规矩烂掉→ 让人们不敢信 不敢释放善意 → 于是大家只认看得见的“成功”（钱/权） → 扭曲的价值观进一步鼓励不择手段 → 让规矩和信任崩坏的更彻底
我们看到的这些现象 就是这个恶性循环已经跑通并深入人心的证据
1 个体的冷漠 很大程度上这个扭曲系统催出的“生存策略” 不然能怎样呢 ？
与其苛责每一个具体的“冷漠路人” 不如去思考如何修复那个让扶老人变得“高危”的系统 比如完善法律保障 建立善意救助人保护机制
2 我们倒也并非毫无选择 系统改变极为缓慢 但个人在生活方面有选择权
可以选择在你确信安全的小环境里 对同事 对邻里 不去欺负 嘲笑老实人
可以选择在能力范围内 用更直接 可追溯的方式行善
可以选择不成为“笑贫”的人 不把财富当作评判他人的唯一标尺
从自己开始 不嘲笑老实人 不追捧岳不群 就是在为我们希望存在的那个世界 投下一张小小选票
世界变好 不一定是从英雄的壮举开始 而是从普通人“拒绝参与那种荒谬”开始的
谢邀 安好","说白了，有些人就是“要钱不要脸”。
道理他们都懂，但一想：用地沟油多赚五千，抓到了才罚五百——这不等于白赚四千五吗？至于你吃了拉不拉肚子，关我啥事？
老实人天天吃闷亏，一看，哟，隔壁使坏的都开上奔驰了。得，那我也别当这冤大头了。一来二去，正经人倒像个傻子。","因为本来就不应该也不能去要求每个人不自私不冷漠，我们历史上有过一些时期至少在明面上是鼓励舍己为人、舍小家为大家的，但结果是诞生了一大堆道德的受害者，他们最终成了背锅侠，为制度本身的缺陷买单。他们捍卫了道德，道德却从不愿捍卫他们的利益。
如果一种道德只对他人有利而对自身无利，那这种道德就不符合传播规律，他不可能传播得开成为共识，甚至说不上能算是一种道德。真正的道德至少该是符合个体生存策略且具备普适性的。否则你要别人如何遵守呢？靠公权力担保吗，给遵守道德的人额外发钱？还是靠群体暴力强制执行，别人不执行就网暴别人逼迫别人就范？恐怕都不现实吧。
在问题里提到的几种情景：食品安全、环境安全、建筑安全，这都无关人自私与否的安全问题，纯粹是监管缺失和权责划分不清导致的。这时批判人性自私不过又是在给制度缺陷找背锅侠。以环境问题为例，比方说排放污水吧，工厂排放的污水污染了河流引起居民不满，这个时候如果你能清晰界定工厂和居民谁的权利更优先，那不管你界定工厂优先还是居民有限，最后污水的问题都可以解决。你界定居民优先，那责任就是厂家的，厂家去把污水清理干净，否则受处罚。你界定工厂优先，那居民就集体凑钱去把污水解决了。整个过程压根不涉及什么道德什么自私，你该干嘛干嘛就完事了。
而如果我们即不认定这是工厂责任，也不认定这是居民责任，而是把问题甩给道德，指望良心发现的厂家在无责任的情况下自愿牺牲利益去处理污水，或者指望某个舍己为人的居民自掏腰包为所有人解决污水，那就扯犊子了，永远指望不上的。
后面还提到了西方消费主义奢靡之风的问题，我不认为有多少消费是直接跟道德挂钩的，这种道德不具备充足普适性，会随着社会需求会频繁变动。在过去一段时间我们提倡勤俭节约减少消费浪费，而在社会需要拉动内需的时候，宣传口立马调转方向，提倡人要多消费，消费才是给社会作贡献，这说明消费不消费不是一种道德选择。","题主的这个问题非常好，也很及时 ，真的需要并值得进行大范围的全民讨论，赞一个！
既然是要刨根问底，那就不能只看表面，这属于一个人性问题，在这里就从元始本性来看。
人之初，性两面，是非善恶分两边。就是说人的原始本性是同时兼具善恶两种属性的，至于让外人看到的是善还是恶，这个却不由本人说了算，而是由外部环境以及评判人来决定的。
一个再老实本份的人上了战场，是不是也得恶向胆边生？因为那就不是一个讲仁义礼智信的地方，你不杀人就会被杀。此时的杀人就没人会说成是恶性而会赞誉为英雄，是不是很诡异？同样的一个贼人在一个讲礼仪的社交场合也须学着表现得彬彬有礼不是？
再来看我们现在的社会处于一个什么样的时代环境？
自从几十年前一群穷怕的老农民发出“谁发家谁光荣，谁受穷谁狗熊。”的肺腑之音，再加上顶层那句“不管白猫黑猫，抓住老鼠就是好猫。”的名言，我们的社会就算进入了人不为己天诛地灭的捞钱时代。
正所谓的商场如战场啊！这是一个遍及960万平方公里土地上的广袤经济战场，这样一种环境也就注定了我们从小就被灌输的仁义礼智信温良俭㳟让之类必须要深藏功与名了，要不然你就会被现实吃得连渣都不剩。
所以说什嘛自私？冷漠？甚至是损人利己？都应该是常规操作不应感到奇怪才对吧？所对应的理由就是生存需要啊！
是以要看到最起码要想到，这不是人性的泯灭，而只是现实需要这样表现而已。我们以明面上的人性泯灭换来了国家整体上的物质强盛，得也!失也！福也! 祸也！
由于改革开放之初的顶层设计就是双文明建设而不是只追求单一物质文明，而如今二者的背离率却越来越大，很显然不会任其持久下去。
顶层的干预似乎已经开始了，题主的这个声音或许可以代表民间吧！
仓廪实而知礼节啊！中华民族本就是礼仪之邦的热心肠，怎会让冷酷的资本市场束缚太久？大趋势是我们已经开始从物质需求为主向精神需求为主转变了，这个是需要全社会共同努力才能成功的事儿，急不来的。
闲人闲聊哈！仅供参考。",,,,,,,,,,,,,,,,,,,,,,,,,,,,,,,,,,,,,,,,,,,,,,,,,,,,,,,,,,,,,,,,,,,,,,,,,,,,,,
要想有比较好的人缘，就一定不能得罪任何周围人？那些处处谨小慎微、生怕得罪人的人，大多数的人缘都很好？,"其中还有一类情况:
对方或者得寸进尺，或者纯属无端生事，而已经伤害了或者马上要伤害我方的利益。
这种时候，我方出于自保，而予以坚决制止。（这其中，有时也可能在不小心时给对方造成轻伤。）
这当然也算逆了对方，那算不算得罪人？？","人人都有防范的意识，不管分寸进尺还是无端生事，只要受到伤害或将要受到伤害，都要予以制止，这不是得罪不得罪的事了，自保是必须的。
要想人缘好就必须有很高的地位，或热心肠，要抱有事事吃亏的心态。不然就做不到好人缘。人缘再好，地位低了，或不愿吃亏了，你看人缘还好不好？
处处慎小慎微，生怕得罪人，大可不必。这就样就会被人认为你是一个软柿子，任人拿捏。对人可以人心肠，愿意处处帮助人，但是，要有担当，也要敢于挑战才行。
要向好人缘努力，但是不可做老好人。","也不会吧
人缘是多种因素决定的，和社会地位关系很大，不必求。
反正我是不太求的。因为人缘是个很虚无的东西，当你一旦离开那个位置，人缘也就变了。人还是应该把心思尽量放在自己能主宰的事情上。","扯淡。
人要有掀桌子的能力和勇气，这样才会被人尊重。
你说的处处谨小慎微、生怕得罪人的人，他们全部不被尊重。不被尊重的人谈什么人缘好不好？
人性是一个很奇妙的东西。
欺软怕硬是人性。
我们哪怕知道这样做不对，但是在那些胆小怕事的人身边，被他们投射“我好欺负，欺负我吧”这样的信息后，即便再有素养的人也难免着了道，所以，素质高的人会远离他们。
想要好人缘，那就要为大家提供价值。
价值不是钱，情绪价值也是价值，解决问题的能力也是价值。
如果你是一个幽默的人，你会发现获得好人缘很简单。
不要害怕得罪人，没有人能做到被所有人都喜欢。
人民币也不是谁都喜欢，还有人喜欢美元呢。
得罪人不可怕，可怕的是你没有抵御对方报复的能力。
得罪人能怎么样呢？
他都不怕得罪你，你为什么怕得罪他？
讨好型人格吗？
别人打你左脸，还要把右脸递过去？
记住，打回去，因为他先冒犯了你。
只有这样才会吸引来志同道合的人，这样你就有了朋友，在朋友圈你就有了人缘。
靠讨好是讨不来好人缘的。
真乞丐靠乞讨无法发家的。","从不追求好人缘这种东西，不知道这种东西能用来干什么。它不是目标，而是一个自然发展出的结果。如果需要用到它，它才是一个工具，且有成本。
1、好人缘是一个错误的目标，错误的目标会导致错误的思考和行为。
。
2、无利益的人际交往：
好人缘、坏人缘都是一个为人处世自然而然的结果。任何两个人相处，一定会有分歧、矛盾、冲突、误会是不可避免的，即使在无实际利益冲突的情况下也是如此。这是由人的特质决定的，人就是这样的东西。
想做到坏人缘，除非为人处世自私自利、损人利己，否则也难达到这个地步。
如果说为人正直、友好，但与周围的环境格格不入，那就换到与你相恰的环境里。
如果想对其他人好，就去这么做。做完这个动作结束了，和是否好人缘没有关系。不去在意、不执着所得反而轻松。不要以为对他人好，就一定得到回报、赞许、好的口碑，有时候 帮会帮出麻烦。但是因为这个就不去对他人好吗，也不是如此。
。
3、
3.1、从社会互利的角度说，人缘是手段，不是目的。我不知道好人缘这种东西可以用来干什么。重点是要有社会价值。有社会价值的人也要靠自己，这样，与他人是合作关系，而不是等靠要关系。这样，与人缘的关系又是弱关系了。
在一个主要靠裙带的社会、团体，它的出发点就不对，一定会滋生腐败。这个团体一定会烂掉，早晚而已。所以在一个良性的互利的层面，人缘的作用不是很大。
倒不是说人缘一点作用都没有，有的，在良性的团体里，一些无关痛痒的事情方面，没有重大关系利益方面，为了提高效率、安全性，很多用人、用事，还是依靠人缘内荐。这个内荐的前提还是 你本身很不错。
。
3.2、人缘的特质是时时变动，想要把控一个时时变动的东西为不变的状态，是不可能的，需要浪费极大的资源（包括但不限于 时间 精力 金钱 违心话）。
要么就是做到完全不走心，不入耳，且有极高的社会价值（包括但不限于 好看 会说话 聪明 资源多 愿意付出）。这种情况的人需要一个很重要的前提能力：筛选与之打交道的人。因为这样的人，大家都喜欢、都想要占用、使用ta的资源，如果ta不筛选人，对自己会有非常大的消耗。
天下没有白吃的午餐，除非遇上大善人行善。反过来说，如果你想人缘好，除非你当只付出不索取回报的大善人行善。","1、好人缘来自你的自身价值，与不得罪人是两回事。
对其他人来说，你这个人有实力，有价值，人家会主动结识你，和你交往，因为你能帮到他们。如果你这个人对他人没有任何价值，人家有需求时，你也帮不到他，那么，你们之间即使有交往，也会渐渐冷落，直至零互动。
好人缘与你和别人之间的妥协得来的和谐不是一回事。一个人如果连维护自身利益的意识都没有，对任何人都妥协，那么，你别指望人家能尊重你，也许你们之间平时能和谐友好相处，真到了关键时刻，没人会在乎你，你也许只能成为牺牲品。
2、处处谨小慎微、生怕得罪人的人，平时人缘确实不错，但这种人缘是靠牺牲他自己的利益换来的，他对任何人都唯唯诺诺，生怕人家不高兴。但是这种人缘是经不起考验的，稍微有点风吹草动，你就会成为人家的弃子，能不让你背锅，算你运气好。
有一点可以肯定，处处谨小慎微、生怕得罪人与个人实力不足有直接关系，因为没实力，说话做事底气不足，只能忍气吞声，只能让。
3、“对方或者得寸进尺，或者纯属无端生事，而已经伤害了或者马上要伤害我方的利益。这种时候，我方出于自保，而予以坚决制止。”“当然也算逆了对方，那算不算得罪人？”
人家已经损害你的利益了，如果你为了所谓的好人缘，为了所谓的不得罪人，一味忍让，那么你换来的是人家的得寸进尺，是你的更大牺牲。
这个时候，你要做的是坚定说“不”，这与不得罪人无关，如果你被“这也算得罪人”的想法绑住手脚，那么这是你自己的问题，你也许能得到一些人的认同，但这种认同是建立在牺牲你个人利益的基础上，如果你愿意，那么没人救得了你，
4、人与人之间的交往是建立在平等基础上，所有不平等的交往都存在一方利益的损失，只是有时候所牺牲的利益不为你们所在意而已。
同事关系要维持，但也要记住一点，你们是因工作而结缘，因为工作，你们由陌生人成为熟悉人，但没了工作，你们之间会再度成为陌生人，因此，同事相处要有边界，要各自按照分工和要求做好自己的分内事，要对损害自己利益的行为，坚决说“不”。
5、职场是凭实力说话的地方。有实力，有价值，别人眼里的问题在你这里就不会存在，没有实力和价值，你想法再多也没用。",,,,,,,,,,,,,,,,,,,,,,,,,,,,,,,,,,,,,,,,,,,,,,,,,,,,,,,,,,,,,,,,,,,,,,,,,,,,,,
某当官的远房亲戚既不帮忙提拔，又不提供某些便利，只愿意在受到欺压时伸出援手。这种亲戚关系该怎么维护？,"当然了，确实跟他关系也挺远，平时来往也不算很多。而且两家家境差距很大，自己家有时候“砸锅卖铁”送点礼，对方也未必觉得多重要。

问题是，对于这种亲戚，该怎样做好定位，以及该如何维护双方关系呢？","情感、位置、实力、权力，是四个维度的事儿，混为一谈，事情就坏了。
亲戚关系，是情感的弱连接。想靠着当官的远亲获得提拔，确实想多了。这四个维度各有边界，转化需要技巧，如果有了这个技巧，弱关系并不难寻找。
靠当官的远亲求提拔，就是最典型的维度混淆。把弱情感连接，直接等同于对方愿意用权力为你置换位置，还完全跳过了实力这个核心介质。
对这位远亲而言，他的位置是组织给的，权力是岗位赋予的，提拔一个人，首先要算这个人能不能扛事、会不会给我惹麻烦、能不能帮我巩固位置，而不是他和我沾点亲。弱情感本就没有足够的信任基础，一上来就动人家的核心利益、赌人家的职业前途，本质是既不懂规则，也不懂换位思考，被拒绝是必然，如果纠缠，甚至会直接被彻底拉黑。
四个维度的转化，不只是靠攀关系的小聪明，而是靠敬畏规则、守好边界的精准动作，所谓的技巧，是不越界的前提下，顺着规则做正向赋能，核心路径只有一条，顺序绝对不能乱。
第一步：先守好情感边界，把弱连接做干净，而不是做厚，很多人在第一步就错了。
弱关系的核心优势，是它没有强情感的绑架，反而更适合建立纯粹的信任。
对远亲这类弱情感连接，绝对不要一上来就提诉求、谈利益，先做符合身份的、无目的的情感维护。逢年过节的得体问候，力所能及的小事帮忙，只提供情绪价值，不附加任何条件。
核心边界是，情感里绝对不谈交换。要让对方记住的是，这个亲戚懂事、不添麻烦、有分寸，而不是这个人是来要好处的。先让对方不反感、愿意接纳进入他的安全区，这是所有后续的前提。
癸水至弱，达于天津。
癸水虽弱，直达天庭，是弱关系第一步的核心心法，能从人情世故的术，拉到循道而行的道的层面。是绝大多数人经营关系时，从根上就错了的逻辑。
绝大多数人第一步就走死，是错把弱关系当成了壬水来用。壬水是江河猛水，要的是声势、是冲劲、是立刻见结果的灌溉与收成，对应到关系里，就是一上来就大水漫灌，急着攀亲套近乎、强行把弱连接熬成铁关系，张嘴闭嘴谈资源求帮忙，把本就薄弱的情感，直接绑上了赤裸裸的利益交换。这种带着强烈目的性的靠近，就像洪水过境，哪怕声势再大，只会让身居高位的人立刻筑起高墙、严防死守，别说进入安全区，连对方的门槛都摸不到，直接就被打上了添麻烦、不懂事、有企图的标签，再无后续可言。","保持敬畏。
因为他对你有清晰的认识。从你问题的前两段就能看出来，你是一个希望利用其手中的权势以满足个人私欲的人。这样的你不止希望他当你背书，甚至觉得作为亲戚，他需要主动帮助你。
假使他真的为你提供帮助和便利，那么你必定会想法设法把他的头像顶在自己脑袋上。而且你本身这种以私谋权的做法就是危险的，如果他帮了你，你的危险也就成了他的危险。他没必要给自己身上绑个炸弹。
而且这其中还有一个你对自我认知不足的问题，如果你是可造可用之材，我相信他是乐意当伯乐的。毕竟如果他觉得你有一天可以走到他相同位置，甚至更高。他肯定愿意做前期投资，毕竟谁都会有老去那天，到那天还有个实权可靠且是自己培养上来的人，谁都乐意。所以你要做的是保持敬畏，谦逊，然后去学习，去进步，发光了别人才能看见你，而不是到处去说我能发光。
说话直莫见怪。","很多人把自己的亲戚往祁同伟方面想象
平时自己连亲戚的喜好都不知道，压根不走动
总想着别人倾尽全力无条件去维护自己的利益
一旦没有满足自己的利益
就开始不爽，甚至是反感
除了自己的父母，没有人会无条件的帮助你
你要学会自己创造可以互利共赢的价值
才会赢得别人的尊重","亲戚而已，还是远房亲戚，你想要啥提拔？想要啥便利？
我亲大伯的儿子，也是个领导，咱们自己家几个堂兄弟基本上都没受他恩惠，逢年过节偶尔聚一下，他会很客气，一应消费全部他买单，完事儿还给个伴手礼，但是咱们几个平时都不会对他提任何经济上的援助要求。
而且你刚才说你们收到欺压时候，他会帮忙，我觉得这就够了。
人还是得靠自己，平时尽管努力，受到不公时候亲戚能给一点帮助，这就已经是个好亲戚了。","人和人关系的本质是自己努力创造价值，去跟别人做价值交换。所以努力提高自己的价值，别想着等靠要，你有价值那么很多问题迎刃而解。
在我看来这个远房亲戚，已经对你很好了。毕竟也没觉得你给对方提供什么价值交换啊！从自己身上找找原因吧，努力提高自己的价值，比如提升运用提升AI技能、多看企业家大佬言论提高认知、多看财经新闻（凤凰财经等）。这样能提高自己工作能力和经营家庭自身的认知能力智慧，从而提高自己与别人交换的物质价值、情绪价值、生理体力帮助价值、给别人提供指导和成长价值",,,,,,,,,,,,,,,,,,,,,,,,,,,,,,,,,,,,,,,,,,,,,,,,,,,,,,,,,,,,,,,,,,,,,,,,,,,,,,
如果给家的 2025 提一个关键词，你家的关键词是什么？,无,"其实并不局限一个关键词，在我看来，家里的很多小角落都有属于它的关键词。
标题就是我为它们起的关键词：
1-玄关：进门的缓冲带
一进门，就已经把外面的疲惫和防备都给卸下了，迎接属于我温柔的小家。
家确实是我们的港湾，回到家感觉很轻松，想做很多自己喜欢的事情。
比如，进厨房做包点。
2-厨房：烹然心动
说干就干，哪怕已经是晚上八点了，做包点是需要时间发酵的，有可能一两个小时不等，就算放在微波炉加热水关门，或者是放在温温的锅里关盖，都是没有那么快就发好的。
不过没关系，当下的我就是想做，我做的是花卷~
发好了之后，孩子还兴致勃勃要擀面，奈何力气不够，爸爸就在孩子的后面给他力量，就如同孩子的路我们会一直给他力量，让他稳稳的走下去。
卷起来了，还挺漂亮的嘛～
蒸好后的样子，看起来软软Q弹的，葱花也还是绿绿的～
3-客厅：能量充电站
我们家有沙发有电视，就是没有茶几，全靠了这两大件，它们就是我们放松充电的角落，闲暇时可以支个小桌子在沙发前，摆上想吃的零食和水果，再选一部自己感兴趣的电影，就可以开始长达2-3小时的充电时光啊~
我们看的是最新的一部【死神来了6】，啧啧啧，真刺激！
4-家整体的关键词：心随意动
家本来就是不拘于章法，窝在沙发上发呆也好，捧着热茶看电影也罢，闲时还可以去厨房做想做的美食，自由自在就是家最好的模样。
不必去迎合谁的眼光，在家的这方小天地里，想懒就懒，想闹就闹，情绪可以肆意生长，灵魂也能自在安放，做最舒服的自己，就是对家最好的回应~
@知乎家居","断舍离。把使用频率极低、低的物品或卖、或送人、或丢弃，家里清清爽爽的感觉简直不要太好。家里舒服了，心情自然就好了，心情舒畅了，一切就都会进入良性循环。
以上回答，希望能帮到您。",谢邀！个人观点，家里人的健康最重要，在现代的忙碌的生活中，有多少人为了偿还所谓的房贷，车贷，选择去透支自己的身体，最后因病返贫一无所有。这样的人比比皆是，什么才是生命中的必需品，什么又是奢侈品，认清自己，中国人能够生存至今，离不开老祖宗的智慧，不要为了其它而去改变生活结构。,"如果给家的 2025 提一个关键词，那一定是「绿意环绕」~
这是我家现在的样子：
鞋柜上巨洞
蹭光的白玉虎皮兰和退了锦的春羽
蹭光的新飞羽
摆在娃零食柜上的蔓绿绒
洒金
还是秋海棠和白龟
多肉们与兰花
还是多肉们
三角梅
多肉和铁线莲
多肉与三角梅
其实在今年 11 月份之前，家里的绿植并不算多，不过是几盆秋海棠、龟背竹等热植，不会显得这般凌乱，也从没有过这般满满当当、连角落都要被绿意填满的样子。
那些三角梅、铁线莲、月季、蟹爪兰、石斛兰…… 原本都是在我花了多年心血打造的楼顶花园里扎根安家的。我最珍视的这一小方天地，也曾迎来许多邻居的驻足欣赏。
可天不遂人愿，一只小小的蚊子终结了我的花园梦~
今年 8 月，基孔肯雅热席卷了广东大部分地区，然后各个城市的楼顶清空行动也就随之而来。我战战兢兢的过了两个月，可我们小区依旧风平浪静，我以为躲过去了。
可谁知到了11月，吊机进来了，那一刻，我知道，我家楼顶保不住了......
没拆之前是这样的：
已经准备搬了，留下最后的样子
以前有小花园在，偶尔朋友们来访，我们都会在楼顶小聚，喝茶、聊天、赏花；
口罩三年，那些被封在家的日子（邻居们都被困老家，整层楼只剩我们一家），也幸好有这片小花园，陪着我们熬过了那些漫长又沉闷的时光。
酢浆草和绣球
三角梅、雾凇、多肉、柠檬树
心型球兰
三角梅
三角梅和月季，还有邻居种的菜心和大芥菜
月季和三角梅
三角梅和铁线莲
素馨
现在变成了这样：
自从花园被拆，我已经很少上来了，因为每次看到空荡荡的地方，看到那一袋袋装着枯萎枝条的麻袋都难免有点儿感伤。
在被拆之前，我跟队友尽力保住了养了多年的三角梅、铁线莲，大盆换小盆，断侧枝留主干，然后小心翼翼的把它们搬回家放在了阳台上，也做好了状态不佳、花量锐减的心理准备。
有时候改变环境，都难免需要一段时间去适应，人如是，植物亦如是。
从阳光肆意的露天养护挪到只有散射光的半封闭阳台，这些花草们都多少有点儿不适应，掉叶、落花接踵而至，只剩下光秃秃的枝条，多少有点儿萧瑟的味道~
可我能做的，也只是顺着它们的生长习性，在这一小方阳台里，为每一盆规划好落脚之处。
最让我头疼的，还是养了多年的多肉。北阳台养多肉有多么痛苦，懂的都懂~光照不足对多肉来说是最致命的，穿裙子、徒长、变大绿菜都会接踵而至。
万般无奈之下，只能用上补光灯了。可我心里也清楚，再好的补光灯，终究是抵不过那一缕自然的阳光。
阳光雨露均沾的样子
被困于阳台的样子
楼顶原本摆着几百盆多肉，如今三分之一被我搬回了家，三分之一赠予了楼下邻居，余下的则送给了相熟的朋友，总算都为它们寻得了好的落脚之处，也算没白费我入坑十年的心血。
现在家里虽因满室的绿植显得有些许凌乱，可这份凌乱，也都是生活留给我的印记。这些植物带来的生机，让我能真切感受到时间的流逝，季节的轮转。
现在的我，最爱待的地方就是家里的阳台，特别是下午，或是修剪花草、或是静坐看书、或是在知乎上敲一段文字，或是追几集喜欢的综艺......两三个小时真的是一眨眼的功夫就过去了。
而始终环绕在我身边、默默陪伴我的，正是这一室盎然的花草绿植；当然，还有我那些可爱的龟龟们~
#2025 住得好才是真的 @知乎家居@知乎生活以上~","2025年我家的关键词就是：舒适！
今年，我们买房子，算是考虑了老人、小孩的需求，挺舒适的。
首先是这次置换的时候，我们买大套一些，孩子有地方玩，以前家里来几个小朋友就有点容不下了，今年可好了，喜欢闹腾的在客厅玩，喜欢安静的在房间玩，互不影响。
我们还给两个娃，买了攀爬架和滑梯，然后呢，小弟还可以在房间内骑平衡车，这几天风有点儿大，没有出门也不会只能看电视玩玩具，依然可以运动。
像我婆婆呢，我们给她买了比较舒适的床垫，以前她不是嫌床垫太软就是太硬，这次我们就好好挑，完全没有在听到她说睡得不舒服了，婆婆要帮忙做些家务，所以给她入手了洗地机，她也是方便省事了很多，一开始说拖个地要40分钟，每次拖完腰酸背痛的。
而对于我来说，最舒适的就是飘窗了，虽然房子有140平，但是目前没我自己的个人空间，飘窗就是了。
周末我会在飘窗看看书，听听歌也是很惬意的。
住进了自己的房子，我们就会给自己买一些好用的小家电，比如吹风机，不仅比较轻、声音比较小、吹得比较快、头发没那么干燥，智能调温外可能颜值高，现在娃自己吹头发，甚至学幼儿园做的实验做起来了。
最舒适的是，我们把空气炸锅搬到新家，时不时的烤一些自己喜欢吃的东西，最近在烤地瓜，前几天我家先生让我烤香肠，我说我不会，他说这是最简单的了，但 我还是给烤焦了。
我想家就是要有 家的样子，大家住得舒服那才是真的。",,,,,,,,,,,,,,,,,,,,,,,,,,,,,,,,,,,,,,,,,,,,,,,,,,,,,,,,,,,,,,,,,,,,,,,,,,,,,,
如果你独身独居，你更喜欢生活在原来的熟人圈，还是喜欢去一个陌生地方生活？,无,"这个问题，我觉得你不该问别人，而是问自己。
如果自己不清楚，就去一个陌生的地方体验一下，有对比就有选择。
每个人经历与认知不一样，别人的看法只是他的看法，永远代表不了你。
我自己独来独往，在哪里都一样。你要明白自己，问问内心，你会最佳答案。","我会选择到陌生的地方。
既然选择了独身独居，当然希望尽量不被干扰。如果还是住在原来的地方，就算不想社交也可能需要不停的拒绝和解释，或者「硬下心来不理会」。这全都是消耗能量的行为。
既然想要一个人，那就代表自己真的有那个需要。可能是太累了，可能是心力耗尽了。这时候需要的是充电并减低费电行为。
唯有把所有干扰都屏蔽，这样才可以做到不再耗电。
过去几个月我成功做到屏蔽干扰，但最近家人朋友频频出现，还来我家里住。
和过去比较，我明显感受到不一样。
虽然我并没有完全抗拒他们的来访，但却明显知道自己不想要多过的干扰。还好住在我家的是家人。
以前的我，只要身旁有人，我就什么也做不了。就是想要无时无刻都照顾他们，喝什么，吃什么，要去哪里玩等。
就算待在家里，我也会因为他们在而不做那些需要专心做的事情。因为我要做到随时待命。
现在的我已经可以把这些「干扰」挡在门外。我只把基本需要的准备好，并告诉他们，有需要什么或者想去哪里，直接告诉我。
其余的时间，我就专心做自己的事情。
我发现，原来不需要我的全身心关注，他们在我家里依然很悠闲。
以前的我或许多虑了，他们并不真的需要完美的安排、随时都出去玩、时时刻刻都有好吃的。
他们想要的，或许就只是家人聚在一起而已。","今天就遇到一个，是同学关系，离得也不是很远，我以为在政府办工作了一段时间过后，说话的水平上升了，但结果往往不是，我是欠了债没错，但他在他亲戚面前给我打视频，说我这个电话总是不接，然后他好扯嘛，说我好躲避催债的电话，你说这叫什么什么话。他清高，他了不起。
针对题主这个话题，没什么压力过后，会选择一个陌生的地方，独自逍遥。","不用如果，我就是独身独居。
感觉想这个问题的人，都是很在意别人评价的人，既然如此就躲起来吧。
从小到大，我都是独来独往的人，上学放学都是自己，感觉挺好的，从来不怕别人说啥议论啥。不喜欢聊天不喜欢八卦，别人说啥都传不到我这里来。记得高一的时候，班主任找我谈话。弄到最后才知道都在疯传我早恋，班主任旁敲侧击，把我问的一脸懵圈。原因是班长做梦都喊我的名字，因为我总腿疼不上课，晚上放学后看他笔记、他还给我讲题。我们是前后桌，吃饭也是我们8个人一组。他会替我刷我们组打粥的桶，还会帮我刷臭鞋，因此在别人眼里这就是谈恋爱了。对我来说那都不是事儿，我高一的学妹还帮我洗衣服呢，她换取我的友谊。我哥哥们也都帮我洗衣服做饭呢，他们换取我的感谢还有轮到他们做饭时我帮他们烧火，我烧火可是一绝。
当然我不是炫耀别人对我好，我想说的是自己爱干啥干啥，关别人什么事呢？别人愿意谈论啥就谈论啥，关自己什么事呢？
一个人在自己的房子里独自生活了很多年了，除了孩子休假回家，我连亲朋好友都不让进家，就是一个人生活。开心的很呢，而且忙碌的很呢，各种各样的事情要做。
胡思乱想的人，可能也是太闲了","我想应该生活在熟人圈。毕竟独身独居，已经很惨了，再没个熟人，那不得憋屈死啊？连个说话唠嗑的人都没有，时间长肯定不傻也得抑郁了！
除非你已经跳出三界外，不在五行中，过上隐居的生活，种种园子，养养花，那基本和出家也没啥区别了！
没有人与人之间的交流，一天三个饱一个倒，独来独往，我行我素，如果你真能耐的住寂寞，不得不说你绝非凡人！",,,,,,,,,,,,,,,,,,,,,,,,,,,,,,,,,,,,,,,,,,,,,,,,,,,,,,,,,,,,,,,,,,,,,,,,,,,,,,
2025 年，你最重要的一次「碰杯」是和谁？为了庆祝、告别，还是纯粹的互相打气？,"本问题为 @知乎美食 年终有奖问答活动问题，欢迎分享你的真实故事，与我们一起「食」话实说。
活动彩蛋 ：参与本问题下回答，1.10 活动结束后，还将以内容质量为核心，综合图片质量、互动数等维度进行综合评选出 5 篇优质回答，答主将获得【红爵Amstel Extra啤酒】1 箱哦！快来分享你的举杯时刻吧！
活动详情可见：","这是最近最快有明确画面的一个问题吧！哈哈~~看到问题的第二秒，我已经开始「絮絮叨叨」啦。
2025年3月，我们在新加坡，与十余年没见的好朋友一家相聚~
那晚的「碰杯」重要且难忘！
-
在圣淘沙的第二天，恰逢当地学校放春假，与朋友联系时意外得知他们一家正在岛上带娃staycation。
当年最后一次见面，还是他们两个人的婚礼，之后两人就定居新加坡了，成为了新加坡人，如今孩子都十岁了。
而我们的婚礼，他回不来，是在线观礼的。
-
朋友说要尽地主之谊，请我们吃饭，我老公第一反应是「除了中餐，其他都可以.....」，最终，我们去了一家气氛很好的牛排店。
畅聊间，才知道他们中午去吃了马路边边的串串，对于成都过去的我们来说，这感觉很奇妙。
餐桌之上，佐餐的是从年少时延续而来的「互损取笑」，是久未见面这段时光里的「自我介绍」，还有句句藏着关心与感触的「瞎说八道」......
-
除了正餐时的举杯时刻，饭后还喝到了当下新加坡的奶茶顶流「霸王茶姬」，没想到在坡县还多了一个「家乡的味道」带来的「碰杯彩蛋」。
与霸王茶姬线上点单至少30分钟才取得到的火爆盛况相比，新加坡的前顶流喜茶门可罗雀。
-
一起坐圣淘沙小火车回岛路上，小米饼开心到不行---因为那晚之后，他的人生又多了三个朋友。
不知下次相聚在何时，但今年的「碰杯」时刻，已为2025年添上了意义非凡的注脚。♥","🚘 一家人正月初一从陕西开车出发，正月初三跑到福建“碰杯”，即是庆祝新春愉快，也是展望美好未来。
举杯，新春愉快、旅途愉快～
近几年，我家有项“保留节目”：大年初一出发自驾旅行。
这不，今年春节假期向南来到了福建，先前光只顾着赶路游玩了，一路没怎么好好进饭店吃顿饭。
顺路去了趟湄洲岛
来到泉州惠安，有家饭店原来去过还不错，就作为一家人的过节“聚餐”场所。
本着节约光盘的原则，人少菜也点不了几个，可该有的仪式还是要有的，一人一杯酸奶：
碰杯，庆祝新春快乐、春节之旅快乐！
萝卜花甲汤

炸鱼卷、炸五香卷

石锅海鲜炒饭

白灼虾
大厅里，别的桌子都是一大桌子满满当当，听得出来有一大家子亲戚相聚的，也有几家朋友同学相聚的，在春节假期难得吃饭喝酒聊天。
而我们这桌就“冷清”许多了，十人台的桌子只占了一小半，还好是提前预定的，不然没有用餐的地方了都。
⭕️不过，春节最好的过法，不就是和最在意的人一起过吗？虽然这餐饭简单，可都是浓浓亲情呀～
晚上住在海边的民宿，窗外就是海岸线，听了一夜海潮拍打在礁石上的声音，海风里渗着些许腥味不习惯，但对于北方人来说也算是“享受了”…
泉州海岸
第二天找了一处干净的海滩，天色阴沉几乎没有人，孩子撒欢儿跑在沙滩上被风吹得凌乱，自我感觉还挺好，我裹着冲锋衣瑟瑟发抖，小朋友的喜好大人真心看不懂。
月亮湾
泉州是一个烟火气息十足的地方，抛开各路神仙“办事处”旺盛的烟火，烟火气最浓的就是闽南独具特色的美食啦～
蟳埔一角
在蟳埔村必不可少的吃了一顿海鲜大排档，虽然新鲜，可没敢多吃，因为北方的胃要消化南方的菜还要有一个适应的过程。
海蛎煎

海鲜卤面

海鲜豆腐汤

白灼海鱼
在泉州古城也少不了面线糊、海蛎煎、姜母鸭…作为饮食“小白”也能饱腹而归～
面线糊

咸饭

牛肉羹

四果汤

姜母鸭

红曲卤肉

茶缸排骨汤
泉州有漫长的海岸线，可以是生活，也可以也是旅行，可以赶海，也可以奔跑，更给人们的饮食提供了更多选择。
泉州西街
❤️写着写着，忽然发现2026年的春节也不远了，不到两个月就到马年。
如果大年初一还能开车出一次远门，该朝哪个方向走、去哪里好呢？目前还没有想好。
刘看山门神～
✅不过我想，无论目的地是哪里，不变的是一家人在一个陌生的地方找一张桌子：
碰杯，祝生活越来越好～
@知乎美食 @知乎旅行
嗨～我是 @aita ，爱生活、爱山河、爱自驾的文科生，记录普通人可以实现的旅行，欢迎关注聊聊~","2025年最特别的「碰杯」，是隔空跟知乎好友 @企鹅将军 ，约了一个喂养天然酵种宝宝的“吃货局”~
天然酵种宝宝的最新“美”照
这是很特别的一个吃货局约，跟企鹅姐聊到2025年有什么最想做，却一直没有付出行动的事情，不约而同的提到到“养酵种，是那种需要持续喂养的天然酵种”。
喂养的过程，我们相互云报告彼此喂养的“宝宝”近况，例如：很遗憾，我的宝宝死掉了；意外惊喜，它又活了；它怎么只冒泡不长高；哎，算了，只要不发霉还冒泡就证明它还活着，继续养吧。诸如此类很“惊悚”又很“鲜活”的每日发现。
终于，企鹅姐在喂养的第10天，做出了很有意思的酸面团历时整整10天，就为了今天这一张酸面团披萨
哈哈，借企鹅姐的“宝宝”图一用
而我也在意外频出的实验过程，不得不养了两个“酵种宝宝”，借助一丢丢干酵母完成了3个快手欧包滑蛋牛油果丘比蛋黄酱配欧包 抗炎咖啡
只是外表裹了一层燕麦，这个欧包就香迷糊了
好了，话不多说，此时此刻，我们应该云喝一杯☕️
在《面粉 水 盐 酵母》一书中，作者提到自己成为“欧包大师”的心路历程，跟我们这次仓试喂养天然酵种过程一样，路途多磨，柳暗花明又一村。
相比人工培育的单细胞酵母，单一酵母的商业酵母。制作天然酵种，能用上的酵母菌则无处不在，如空气中、土壤中和蔬菜上，在糖含量高的地方（如果皮上和谷物表面）尤其多，都是能让它成长的营养来源。
做为没有出过国门的孩子，这种被德国人喜欢的酸面包灵魂做法，我在开启实验的时候，选择保守跟学，用苹果喂养。
后来在发布想法的过程，有北方妹子说小时候就经常能吃到酵种做的馒头德国天然酵种实验第一天身为从小能吃到馒头都的靠赶集的南方人，真的一头雾水，在这个领域完全两眼一抹黑。
整个喂养过程，真的跟新手妈妈上路一样，一会担心温度太高，菌种热死了；一会担心温度太低，菌种冷死了。自制“保温箱”还早晚查看温度，甚至半夜三更爬起来看温度，被吵醒的大张先生吐槽：“操心不完的命！”
天然酵种实验第二次开启
德国天然酵种（实验1）
作者说他是个完美主义者，认为养育天然酵种，不能接受放干酵母辅助，甚至蜂蜜也不可以。书中太多专业术语，我这个学渣看着云里雾里，结合自己喂养酵种的过程，总结出一套心得：
不一定固定喂养的时间；
不一定固定喂养的温度；
不一定固定喂养的地点和方式。
如果温度较低（13-18度），酸面团表现的味道就偏向醋酸味；温度偏高（26-32度），酸面团表现的味道就是乳酸味。温度低延长喂养时间，温度高缩短喂养时间；地点和方式也没有固定的，根据自己家里的喂养环境决定，可以是厨房，可以是信号器旁边，也可以是卧室等等你认为最好的地点。
因为在喂养天然酵种过程，能影响它风味口感的因素实在太多了。这也是比起波兰种、中种等简单一些的酵种，野生天然酵种少有人做它的缘故。
当下社会节奏太快了，有多少人能闲下来时刻关心这个不会说话的“宝宝”呢，有知乎好友看到我的分享，笑说这个“宝宝”真是“身娇肉贵”，果真火眼金睛，总结到位。
养它不用很多钱，但需要投入很多时间和精力。
关于酸面包的粉丝们，有顽固分子坚信只有旧金山才能做出正宗的旧金山酸面包面团，因为他们那里有过去留下的酸面包酸种。
也有人认为，自己做的天然酵种是最特别的，加入自己喜欢的水果，结合不同的温度，就能做出属于自己的独一无二喜欢的酸面包味道。
例如加入混合面粉和水的时候，加入一串喜欢的葡萄。不过也有人觉得不好，因为葡萄酒菌母存在于葡萄中，那里才是它的归属，面粉和水不是。
《面包的味道》一书的作者说：“出于这种目的配方都会非常有趣，包括用葡萄汁、土豆、葡萄干、酸奶、蜂蜜等喂养的酵种，但我只想用合适的面包粉来制作。”
或许在专业领域，有人把它神话，有人把它生活化。而做为生活实践家的我认为，这是一场很有趣的“生活+科学+实践+友谊”的多者合一局。
最后提醒下想要仓试喂养天然酵种的吃货们，好难洗手！好难洗手！！好难洗手！！！
喂养到第二次的时候就会发现酸面团变得粘稠，越往后越粘稠，也越粘手，果真是喂养一分钟，洗手五分钟。
我反正没听德国人说的那样，一定要用手去搅拌，这样才能灵敏感知面团的变化。借用胶铲和勺子，以及手套，既触碰到面团的变化，又能不粘手到心烦到局面。
哈哈，我真是个小精灵鬼，云杯~
@知乎美食
我是手冲咖啡发烧友@陈幸运，生活是一种态度，按照自己喜欢的方式过每一天，让余生不留白，如果在看的你正好也喜欢咖啡，可以关注幸运，一起探讨咖啡的奥妙哦！","人生的每一个快乐时刻都值得举杯庆祝，在时光里悠然漫步，✨快乐是那偶尔闪烁的星辰，照亮了生活的暗角。
🌼我的吃货小蜜蜜回来了，在这么重要的一刻相聚当然少不了一顿美食来庆祝一番～
🌹真正的朋友是在你需要的时候默默陪伴，在你快乐的时候真心祝福。
🍀我跟闺蜜从小一起长大，从小到大我们也制作了不少黑暗料理，🌟但是我们还是吃得津津有味，不要为什么～
🍣寿司是我俩一起研究做出来第一个最成功的美食，那一口的幸福记忆深刻。
把肉，米饭，蔬菜🥬，鸡蛋全部卷在米饭海苔里面，每一口都是满满的料，低脂低卡还好吃😋～
🌼今天，来分享一下我们第一份充满回忆的美食，做法步骤如下
🌸准备食材：
海苔、米饭、牛肉片、胡萝卜🥕、黄瓜、菠菜、腌萝卜、鸡蛋、白芝麻。
🌈调料：
寿司醋、盐、生抽、蚝油、料酒、胡椒粉。
🔥做法步骤：
1⃣️米饭煮好以后放至微凉，加一点寿司醋➕白芝麻油➕一小撮盐拌匀至完全晾凉。
2⃣️菠菜焯水，攥干水分。
3⃣️黄瓜切成丝，胡萝卜刨丝切条备用。
4⃣️鸡蛋摊成蛋饼，卷起来切细丝。
5⃣️牛肉处理干净，加入一勺生抽➕半勺蚝油➕一勺料酒➕少许胡椒粉腌10分钟，煎熟备用。
6⃣️海苔放在竹帘上➡️在3/4的海苔上均匀地铺一层米饭➡️压成薄薄的一层在米饭➡️在米饭上面放一张小一点的海苔➡️再整齐摆上各种食材。
7⃣️在海苔末端放一点点米饭起到粘合的作用➡️从头一端开始紧紧地卷起来➡️直至里面那张小海苔刚好包住所有的菜。
🌼这样卷切出来的紫菜包饭就是完美的两圈，这个方法还是蜜蜜当初教我的～🌟这样做出来的寿司切开之后特别好看。
草莓蛋糕
逛街时候看到路边摆摊卖的本地草莓🍓，又甜又新鲜，果断买了两斤回来做我们最喜欢的草莓蛋糕🍰～
🌼松软戚风蛋糕+纯白鲜奶油+新鲜草莓🍓，简简单单的经典组合毫无花哨，却是非常朴实动人的美味～
🌸准备戚风蛋糕胚的配方：
鸡蛋3个、牛奶40克、玉米油30克、低筋面粉50克、细砂糖45克、柠檬汁几滴。
🌼奶油制作配方：
淡奶油350克、细砂糖18克。
🍓草莓适量装饰用的
👩‍🍳制作步骤：
1⃣️碗中打入鸡蛋，分离蛋黄蛋清分别装在两个不同的碗中。
2⃣️碗中倒入牛奶➕玉米油搅拌乳化➡️筛入低筋面粉搅匀➡️加入蛋黄搅匀➡️盖保鲜膜备用。
3⃣️另一个碗中的蛋清中挤入几滴柠檬汁，糖分3次加入➡️用打蛋器搅拌成直立的小尖状。
4⃣️取1/3蛋白霜到蛋黄糊里搅匀➡️倒入剩余蛋白霜中拌匀➡️倒入6寸圆模中➡️轻轻晃动模具使蛋糕糊分布均匀。
5⃣️烤箱提前预热，放入中层调150度烤45分钟左右出炉。
6⃣️出炉后轻震模具3-5下，震出热气后马上倒扣晾凉。
🌼待蛋糕彻底凉透后，准备组装蛋糕
1⃣️将蛋糕均匀横切为三片备用。
2⃣️草莓洗净后切片备用。
3⃣️淡奶油分3次加糖，用打蛋器打发至纹路清晰，装入裱花袋中。
4⃣️转盘上放一层蛋糕坯，均匀涂上一层奶油➡️中间铺上草莓碎➡️在草莓上挤上奶油并抹去平。
5⃣️再放一层蛋糕坯，继续重复上面的动作一层层的铺好。
6⃣️铺好蛋糕胚后，在蛋糕皮的四周和上面均匀地挤上奶油并抹平，在周边贴上草莓片装饰点缀即可。
烤肠大拼盘
🌼我们相识多年一起度过了无数个美好的瞬间，每一次相聚都是心灵的慰籍，🌟每一次交谈都是情感的交融。
🍀对爱吃烤肠的我们来说不能错过这个烤肠拼盘，🌟把自己喜欢的食材凑在一起，放进空气炸锅中，轻轻松松搞定～
🌸准备食材：
胡萝卜、土豆、西兰花、火腿肠。
🌈调料：
橄榄油、蚝油、盐、黑胡椒粉。
🔥做法步骤：
1⃣️土豆去皮切成方块状，胡萝卜去皮切成块状，西兰花处理干净切成小朵状备用。
2⃣️锅中倒热适量清水➡️水煮开后放入胡萝卜➕土豆煮2分钟➡️倒入西兰花煮1分钟➡️捞出沥干水分备用。
3⃣️碗中放入胡萝卜➕土豆➕西兰花➡️倒入适量的盐➕一勺胡椒粉➕一勺橄榄油➕半勺蚝油搅拌均匀。
4⃣️火腿肠处理干净，用小刀斜向切割，切一半的深度，不要切断。
5⃣️空气炸锅中放入胡萝卜➕土豆➕火腿肠➡️调180度烤10分钟➡️取出翻面再烤10分钟➡️取出放入西兰花再烤5分钟即可出锅。
🌼当我们在人生的海洋中漂泊，朋友就是那盏明灯，指引我们前行。
👭和闺蜜小聚，碰杯的那一刻，气泡在酒里翻涌。
🌹我们分享彼此的梦想，分担彼此的忧愁，一起成长一起变老。
🌸一起做自己喜欢的美食，一边分享各自的生活，🌟一边吃着我们一起制做的美食，友情的醇香，在这一杯中永恒，干杯🍷🍻～
@知乎美食","早上在食堂听见食堂阿姨说，想家了，打算元旦回家。
突然感觉，我也想家了…
我和队友都是异乡人，结婚之后，我们就商量好，一人一年，轮流回老家。
我的老家，在长白山脚下，很小的城市，有时兴起，我能从城市的南头走到北头。
就是这么一个小小的地方，却始终是心底的那份暖。
哪怕再怎么漂泊在外，只要下了火车，呼吸到冷冽的空气，就感觉“回家了”。
回家了～
老家过年，是宁静又热闹的。
宁静是因为很多商家都会在大门上贴上休息的字条，有时候我们想找一家饭店吃饭，也不是一件易事。
但老家又是热闹的，马路边上好多卖雪糕的，东北的雪糕就是要在大冬天吃的。
特别是屋里暖气热的人直流汗，口干舌燥时，吃上一根雪糕，别提多惬意了。
要说摆摊卖的好的，我觉着应该是卖各种饮料、果篮、啤酒的。
过年走街串巷寻亲访友的，手上肯定不能空着，到地方之后，买个好几箱，用家里人的话说：
去别人家串门儿，手不能空。
所以我们外出拜年时，每个人手里都拿的满满的，到地儿一开门，眼镜上要是起了雾，也不耽误嘴上喊人：
“姑姑、姑父、大娘、二舅……过年好啊！”
此起彼伏的“过年好”中，节日的气氛就热起来了。
这几年我家是年三十儿的大本营。
好些天前，父母就开始准备各种过年的吃食，我们也会带一些这边的特产回家。
为此，家里还特意买了冰柜，把想给孩子品尝的美味，留在重逢的日子。
一般年三十的上午，菜市场还是有人在卖菜的。
去买菜可不是件轻松的事，动作要快、眼神要好，掏钱要及时。
因为大家都知道，一等过年了，市场就会关门，再想买点什么菜只能等好几天之后了。
所以，一旦看好哪种青菜，赶快下手。特别是常去的那几家卖肉的，老早就要预定好，不然分分钟，一大扇的猪肉就被买光了。
再买点水果～
回家之后，整理碗筷，厨具，开始简易加工菜肴。
比如说，萝卜丝丸子、炖肉、糖醋排骨，这些都是慢功夫的菜，需要提前规划好时间安排。
才能保证在年夜饭时，有序的摆上桌。
队友擅长葱爆大虾，所以这道菜全权交给他；
我小露一手，做个糖醋排骨，给喜欢甜口的孩子们甜甜嘴；
姑姑做的凉拌拉皮那是一绝，总也弄不明白，她调配的料汁是怎么回事；
堂妹摆的水果拼盘是饭桌上解腻的最佳菜式。
孩子们呢，
一直跟着忙忙碌碌搭个下手，一会儿帮忙铺个桌布，一会儿去摆个筷子，一会数好人数摆放碗碟。
等大家全部坐齐后，最年长的人提起酒杯：
“过年了，咱们大家聚在一起，天南海北的也不容易，来，干一个！”
每个酒杯都是要碰到的，够不着的就站起来，好像只有这样碰一下，才能把对亲人的祝福传递过去。
酒过三巡，大家聊起近况，也回忆往事。
作为已经成年的我，还会被长辈们说起年幼时的趣事，这时偎着我的孩子，会惊讶的说：
妈妈，你小时候原来是这样！
年夜饭开吃～
时间流逝的真快，不知不觉中，我从等待年夜饭的人变成了操办年夜饭的人。
小时候看不懂大人们的碰杯，只觉得是多余的动作，喝就喝呗，为什么还要来这么一下？
但现在，远离家乡，只在过年才能回家的我似乎读懂了这动作里饱含的情意。
干杯，这一杯，藏着的是亲人没说出口的牵挂，远在外地的你，不知道过得好不好，这一杯，希望你能岁岁平安，顺顺利利；
干杯，这一杯，装着我们一起度过的岁月，看我们从懵懂幼童成长为独当一面、自食其力的大人，这一杯，是感慨我们这些年的成长；
干杯，这一杯，是期盼，盼望往后的年节，家人可以围坐，吃点家乡菜、聊点家常，希望我们可以常回家看看。
借着这个回答，寄托一下思乡的情绪，等下次相逢，我们再来“碰杯”！
@知乎美食",,,,,,,,,,,,,,,,,,,,,,,,,,,,,,,,,,,,,,,,,,,,,,,,,,,,,,,,,,,,,,,,,,,,,,,,,,,,,,
关系不算近的长辈且他平时就没怎么看得起我。这次执意要给我张罗介绍对象后，我烦躁拒绝了。这就会得罪人吗？,"之前他家孩子还没对象时，他到处托人张罗，那会儿也没怎么插手我的事。
这段时间他家孩子婚事定了，然后就凑过来要来问询我的事情。
我一看对方要来横插一杠，甚至在已经拒绝后，还要继续往前凑，我就不耐烦地明确拒绝了。结果他在我家人面前说“你家孩子好大的架子嘛，”“算我多管闲事了”“我以后不会再掺和你家孩子这种事了，好心赚了驴肝肺”

家里人就对我一顿数落“你得罪人了”“你太不识抬举了”......
而且看那语气，我因为这件事不小心得罪了那人，就因此惹大麻烦了？？

问题是：
1、一个平时就对我没怎么看得起的人，
他真的能给我介绍条件相对优秀的对象吗？？
2、即使我真因为这件事不小心“得罪”他了,问题是他要横叉一杠我的事，其中也可能出于好心吧，但这难道就不算得罪我了吗？，（当然，我是晚辈，他是长辈，这点得注意。）
3、难道我真的错怪好人了？或者我自身的态度需要深刻检讨？","朋友，这事，不用放在心上，过去了就过去了，就当没这事，你们平时都不太来往，亲情，恐怕只是一句空话。很多不太来往的亲戚呀朋友呀，要特别留意，现代社会很容易生存“自私自利”心里的，说不定他是为了他自己能得到一定的介绍费才来做这事的！
网络上有这样的故事，介绍人给对方男子说彩礼要二十万，结果她拿给女方的只有十二万，后来被知道了，去质问她，她还有理由说介绍费八万是我的！如果遇到这种情况咋办呢？
谈恋爱，是需要机遇的，被介绍的话，一定要看“介绍人是不是好人”？不知道的话，最好别同意，天仙，大款，都别同意。不少人利用谈恋爱搞咋骗！有的骗钱，有的骗色，后悔的人成千上万！！！（仅供参考）","为啥要在意一个陌生人的感受，第一在乎的必须是自己的感受啊，千万不要内耗自己，就是自己父母同意这位长辈的做法也不要妥协，因为婚姻是一辈子的事。
还有你说他平时就不怎么看的起你，想必给你介绍的对象也不会好到哪里去的，所以一定要拒绝，不会拒绝的，可以找借口离开。
要实在不行，过去敷衔下吧，估计你家里人觉得你不给这位长辈面子，如果是一个洁身自好的长辈肯定不会这样擅做主张的，总之一切以自己的利益优先。","有个坏消息两个好消息。坏消息是：你一定会得罪他。因为当一个人在张罗你的婚事的时候，他是有优越感的，而且有一种大展手脚的冲动。你想当你兴致勃勃的准备起手打游戏，忽然服务器挂了不让你玩，你会不会觉得扫兴？
好消息是：
第一，得罪他也没什么大不了的。得罪了又怎么样呢？你得罪的人他本来的动机就不是为你好。如果真的基于长辈对小辈的感情为你好，他不至于破防。他只会为你可能错过好机会而感到遗憾。得罪他不会有什么不好的后果。你并没有失去什么。
第二，有些人很可能会把自己身边的女孩子当做人情去介绍给别人。你的亲戚未必不是这样的。你也许逃过一劫。你最好不要对这个亲戚有不切实际的幻想。觉得他可能帮你什么的。动不动跳脚的人，远离为上。
哦，对了，忘了说了，你父母不太靠谱。重大事情，多问你信得过的人，多打听消息，自己拿主意，不要听轻易你父母的意见。","如果他真的是个不该或不能得罪的人，你得罪他你自己都不会知道，只会在未来某些重要时刻发现他对你的看法不一样。
他能被你得罪后跑来无能狂怒，说明也不是啥不能得罪的人。","1、问：一个平时就对我没怎么看得起的人，他真的能给我介绍条件相对优秀的对象吗？？
答：做梦。
肯定是有一个有钱人或者有钱人家有个残缺孩子，同阶层找不到人了，然后硬塞给你。
你没成功，他就得在找下一个傻子去片儿，他当然要骂人不爽。
关键万一找不到人接盘，他还在对方面前丢面子，万一对方是他需要的大腿，那就不是丢面子这么简单了。
2、即使我真因为这件事不小心“得罪”他了,问题是他要横叉一杠我的事，其中也可能出于好心吧，但这难道就不算得罪我了吗？，（当然，我是晚辈，他是长辈，这点得注意。）
答：算得罪你。（在你的真实感受里）
不是长辈就可以随便乱来的。
老规矩是长辈为着“他认为的好“可以随便安排你的生活。甚至连结婚这种很私密的事也能横叉一刚子。
重要的是，很多这个类型，这个想法的长辈，他不认为自己得罪你，而是你不懂事。
因为在他看来，他的安排很好！
但是这世界上从来就没有好和不好。
川普的女儿好，问题你说不定接受不了这个岳父，也是白搭，对不？
3、①难道我真的错怪好人了？
②或者我自身的态度需要深刻检讨？
答：
①你不是他肚子里的蛔虫，你无法知道。
②你下次可以拒绝的圆滑一点。
4我想对你说：
你有自己的思想，且和你父母以及这个介绍人，意识形态不同。你们相互没法说服对方。
但你家里，你和你父母的分歧是主要矛盾。
你父母是老一套思想，听话，幕强。
你是新的思想。
因为你都是跟着你父母的，都是他们管你，所以外人习惯性通过你父母让你听话。
最后，反问你一个问题：
得罪人不行吗？得罪人需要抓去枪毙吗？",,,,,,,,,,,,,,,,,,,,,,,,,,,,,,,,,,,,,,,,,,,,,,,,,,,,,,,,,,,,,,,,,,,,,,,,,,,,,,
美国人开始认同中式生活，这一现象背后的原因是什么？,,"女性痛经是一个不分国界的常见生理现象，在中国，一个一天一杯小奶茶的女性在那几天也会忍住不喝冰的，尽量减少喝冷水，不管有用没用，很少有中国女性会因为痛经就磕止痛药。
美国女性没有这个观念，并且，过去在中国看待美国仍有各种奇奇怪怪光环的时候，不少中国人一度认为，美国大妞身体真好，经期还可以正常喝冰的，果然还是要多吃肉、多喝牛奶、多锻炼啊……
然后我们去Gemini一问，额…首先，美国大妞也是有痛经的：
Yes, it is very common for women in the USA to experience menstrual pain (clinically known as dysmenorrhea). Research indicates that it is one of the most frequent gynecological complaints among women of reproductive age.
（美国女性痛经非常普遍，研究表明，这是育龄阶段女性最常抱怨的妇科问题之一）
How Common is it? （有多常见）
Prevalence: Estimates suggest that between 50% and 90% of women in the U.S. experience some level of pain during their periods.
患病率：据统计，美国约有50%至90%的女性在经期会经历不同程度的疼痛。
Severity: While many experience mild discomfort, about 10% to 15% of women suffer from pain severe enough to interfere with their daily activities, such as missing school or work.
严重程度：尽管许多人只是轻微不适，但约10%至15%的女性会遭受严重影响正常生活的剧痛，例如因此无法上学或工作。
Demographics: Pain is often most intense for teenagers and women in their early 20s, frequently improving after childbirth or as they get older.人口统计学特征：青少年和20岁出头的女性疼痛感往往最为剧烈，这种情况通常在生育后或随着年龄增长而有所改善。
所以美国大妞并不是不痛经，他们也痛经，并且，为了缓解疼痛，她们有时候甚至会磕止痛药（我上文说，中国女性很少因为痛经磕止痛药，欢迎打脸）
Do They Take Painkillers? 她们磕止痛药吗？
Yes, taking medication is the primary way many American women manage menstrual symptoms. 会，磕药是很多美国女性痛经的primary应对手段。（这里primary我特地不翻译了）
Over-the-Counter (OTC) Drugs: Non-steroidal anti-inflammatory drugs (NSAIDs) like Ibuprofen (Advil, Motrin) and Naproxen (Aleve) are the most common choices. These work by blocking prostaglandins—the chemicals that cause the uterus to contract and cramp. 非处方药治疗：非甾体抗炎药是最常见的选择，例如布洛芬（商品名：Advil、Motrin）和萘普生（商品名：Aleve）。这类药物通过阻断前列腺素发挥作用——正是这种化学物质导致子宫收缩和痉挛。
Multi-Symptom Relief: Products like Midol or Pamprin are also popular. These often combine a pain reliever (like Acetaminophen) with caffeine (to reduce bloating/fatigue) or an antihistamine.复合症状缓解药物：像Midol或Pamprin这类产品也很受欢迎。它们通常将止痛药（如对乙酰氨基酚）与咖啡因（用于减轻腹胀/疲劳）或抗组胺药结合在一起。
Hormonal Options: Many women use birth control pills or IUDs specifically to reduce or eliminate menstrual pain by thinning the uterine lining and preventing ovulation.激素疗法：许多女性专门使用避孕药或宫内节育器来减轻或消除痛经。其原理是通过使子宫内膜变薄和抑制排卵来实现。
然后，在过去，美国的主流认知坚持认为，痛经跟喝冷水没有一毛钱关系，纯粹是心理作用。
Is the ""Cold Drink"" Theory Actually True?
Recent scientific studies (including some from 2024–2025) suggest that the Chinese ""common sense"" has a real biological basis that Western medicine is only now starting to confirm:近期科学研究（包括2024-2025年的部分研究）表明，这一中国人的“常识”确实存在生物学依据，而西方医学直到现在才开始证实：
Vasoconstriction: Cold temperatures cause blood vessels to tighten. Since menstrual cramps are already caused by the uterus contracting and cutting off its own blood supply, drinking ice-cold water can theoretically trigger further constriction and worsen the pain.血管收缩效应：低温会导致血管收缩。由于痛经本身源于子宫收缩及其对自身血液供应的暂时性阻断，理论上饮用冰水可能引发进一步血管收缩，从而加剧疼痛。
Prostaglandin Sensitivity: Emerging research shows that cold exposure can disturb blood circulation and potentially increase the production of prostaglandins, which are the primary cause of menstrual cramps.前列腺素敏感度: 新近研究显示，寒冷刺激可能扰乱血液循环，并潜在地增加前列腺素的产生——这正是引发痛经的主要化学物质。
The ""Reverse"" Discovery: Interestingly, while most U.S. doctors used to say temperature didn't matter, a 2024 study in Scientific Reports found that frequent consumption of cold drinks and ice cream was indeed associated with more severe pain in both Asian and White women.颠覆性发现：尽管以往多数美国医生认为温度无关紧要，但2024年发表于《科学报告》的研究发现，频繁饮用冷饮及食用冰淇淋确实与亚裔及白人女性更严重的痛经程度相关。这一跨种族研究印证了传统观念的潜在科学基础。
尽管痛经跟“喝冰水”之间仍然缺乏足够的证据，但是，已经在小红书有美国姐妹取经了：
并且，有美国姐妹表示疗效还不错：
顺便说一句，我以前一直是个中医黑，现在我觉得，中医纵有千般不好，也比老美那些给痛经开止痛药、避孕药的庸医有价值。
回到问题本身，越来越多的美国人开始认同中式生活方式，至少说明他们原来那种生活方式挺糟糕的。","卡个BUG，移民中国可以赖掉学贷。
特别是名校天价学费坑出来的那一批。
问题也有，名校文科在中国是个傻逼专业没人要，大部分理科由于工业化残疾，实践上又有点跟不上中国发展了。
实在不行，黑人搞RAP，白男教外语，白女当家庭主妇，大家都有赖掉学贷的未来。
实际上是，老中移民政策相当苛刻严格，他们润不过来。","不是美国人开始认同中式生活，是美国女性开始认同中式生活。
购物按手机，吃饭点外卖
出门很安全，半夜出去嗨，
生活成本低，不用还学贷，
地大物博风光好，摩天大楼不老少
这些事哪个女人不喜欢？全世界崇中的女人都是因为这些事，其他的事她们根本不在意。
和中国一样，美国的网络也是女性嗓门大，就显得美国人全都认同中式生活了。
太阳底下真的没有新鲜事，能让女人一心向往，可比厨房辩论杀伤力大多了。",毛主席一再要求，知识青年要和劳动人民打成一片，牢A就以中国留学生身份和美国普通底层打成一片，用贴近事实的方式讲述了美国的底层，令人印象深刻，极大的改变了中国人对美国的印象！,"了解国外大部分都是从影视剧开始的。
他们了解中国的方式，都是女频宫斗剧短剧为主，
一看md中国怎么过得这么爽，影视剧里只有谈恋爱。
自己国家一看，都是什么化学老师贩冰冰，各种丧尸，黑帮，妖魔鬼怪。",,,,,,,,,,,,,,,,,,,,,,,,,,,,,,,,,,,,,,,,,,,,,,,,,,,,,,,,,,,,,,,,,,,,,,,,,,,,,,
不交工资的老公想请我去吃饭，我是不是不该去？,今天又叫我去呢，餐标一次比一次低，从人均200降到人均50了，我该不该去,啥意思？ 这顿昂贵的饭是他请客还是你们AA？ 他请客就去呗，如果AA就不去。 你们日子过成这样，感情还不如室友呢。,"既然已经结婚了，就要把配偶当成比父母和子女 更重要的人，要合作，要互相尊重，互相配合，而不是互相拆台。只要不是原则性的问题，对方的所有请求，尽量全部答应，除非有合理的理由。
所以必须去，别给脸不要。除非是身体真的不适，单位、娘家真的出了事要自己去处理。","如果我朋友请我吃大餐，比米其林还贵，比如说人均消费一万。我不想回请，那我也会去啊。
因为反过来，我请一个收入比我低的朋友吃大餐，我也不指望他回请我同样的大餐啊。要是必须金钱上互不亏欠，那干嘛不自己一个人去吃啊？好歹一毛钱不亏。
都是朋友了，还在乎这些？
你要是跟你老公吃饭还纠结这些，那我感觉你可能跟你老公不太熟，连朋友都算不上。
难不成，你怕你老公请吃饭对你有啥目的？？跟你吃饭是为了揩你油？怕他咸猪手？怕他想睡你？
否则你顾虑的点是？？？
你加了前缀条件，不交工资卡，这句话我能理解到的信息就是，没交卡，证明他有钱请客吃饭啊。交了卡才不能去呢，因为他没钱买单啊。所以为啥不去？夫妻俩吃顿大餐，找个环境好的地方，共度浪漫时光，到底有什么问题啊？！
难不成他要求你aa？？？","要看情况！
比如老公没交工资，但家里大部分或者全部开支都是老公在支付。
那么不叫应不应该去，而是叫“给脸不要脸，得了便宜还卖乖”。
又比如老公没交工资，家里的开支全部都是老婆在支出。
那么，不但不应该去，还应该呵斥。没钱为家庭付出就算了，还乱花钱。
又比如老公老婆共同1:1支付家里的全部开支，且家里没有债务压力。
那么他的钱，爱怎么花就怎么花，“又不花你的钱，你甩什么脸色啊？”难不成男人就得当你奴隶不成？
又比如又是1:1共同支付家里全部开支，被房贷车贷各种债务压得喘不过气了，老公还整这一出。
那么赶紧和他划清界限吧，他是个花钱没有计划没有底线的人。和他在一起没有幸福。
我是男生，个人认为老公不一定要上交工资，只需要支付家庭所需的开支就行了。
男生自己身上要有钱比较保险。要不然就跟当年王宝强一样，差点流落街头！
与其让老婆给零花钱还不如把钱掌握在自己手中，给老婆生活费。
这样一来，哪怕是老婆出轨了养小奶狗，自己也能及时发现大额开支，查出出轨第一时间抽身断粮。","当然去啊。有人请客，还不用还人情，傻了才不去呢。
我觉得你完全抓错重点了，全额上交工资的老公请吃昂贵饭，犹豫一下还正常，毕竟那都是你的钱，不舍得花可以理解。
而不交工资的老公，他要给你花钱，当然是啥贵买啥，还犹豫啥呢。他请你高消费，不但要去，还要想吃啥点啥，一定要尽兴。",,,,,,,,,,,,,,,,,,,,,,,,,,,,,,,,,,,,,,,,,,,,,,,,,,,,,,,,,,,,,,,,,,,,,,,,,,,,,,
2025 年，在科技发展的当下，你最想留住的传统生活方式是什么？,无,"传统家庭关系的紧密！
现在人们关系疏远，不仅仅是同事、同学、朋友之间关系疏离，即便是父母与子女、兄弟姐妹之间的关系，也日渐疏远。
作为一个七零后，我还是很不适应这种变化的。
好在，就我个人家庭而言，父母与子女、兄弟姐妹之间，关系还算紧密。
之前，家里老人住院，陪床几天，内心里就想，幸好有哥哥姐姐，这要是我自己一个，真心熬不动。",我希望人们对美食的品鉴不要被科技狠活代替。如果未来我们人类都不用做一日三餐了，补充一点营养剂就行了。虽然高效，但对我来说，这是个很可怕的事，没有人间烟火气了，变成了一个冷冰冰的世界！,用传统的方式做蛋卷，用传统的方式包饺子，用传统的方式做汤圆，用传统的方式包粽子，用传统的方式烧菜，用传统的方式看书，用传统的方式看动画片，用传统的方式看电视，用传统的方式看电影。,"我最想留住的是火炉子。
小时候，冬天冷了就会生炉子，木头门、窗户都会用塑料布封起来，门会分开封，炉子里生起火来，一整个屋子都暖呼呼的。
最喜欢在炉子上烤东西吃了，土豆、鸡蛋、玉米面饼子，感觉烤过一遍都特别好吃。","自扫门前雪
字面意思，人人尽责的具体表现形式。需要道德规范的舆论支持、个人时间上的保障和社区基层的组织支持。","日出而作日落而息咯☀️
每天只需要操心吃什么喝什么，种种菜，砍砍柴，农忙时摘茶叶，其他时间空着发发呆。
其实我怀念的就是没有勾心斗角，大家都很平和的年代，也就是我小时候过的日子。
那时候什么都不用考虑，天黑了就睡觉，天亮了就起床。","我想留住童年的时候和小伙伴一起下河摸鱼，踩河蚌，捡菱角。那应该是我最快乐的时光。
还想春节的时候，可以放烟花，过一个有声有响有味道的大年。从禁放烟花开始，过年就没有了声音和热闹，就像做菜不放盐，洗澡不搓背，寡淡而无味。
仔细想想，其实我挺贪心的，想留下很多，想留下那个家族聚餐时，让我们排排站着，给我们分糖的人，想留下教我腐乳是红方的人，还想留下教四岁的我看小牌的人……。
希望我们过自己的节日，自己的春节！","这个嘛………我觉得还是家庭吧。如果一个人没有家庭很容易对社会漠不关心极度利己，享受社会法制结构稳定的同时不对未来有希望，那么就会在当下的时间内极致利己破坏千万年以来形成的文明。
不过嘛，现代人又趋向于远古野兽交配一样的行为，性开放。这个思想仅产生一百年就让世界结婚人口崩塌，感觉继续下去就到疯狂了，到时候全是唯利是图的极致利己者，贪官横行，反人类产生，科技武器滥用………那将会是一场很刺激的游戏，必须有复活币哈哈哈",当家庭成员各自沉浸在数字设备中，传统节日中的团聚、一起做饭、逛集市，都能让家庭成员重获完整、亲密的在场感，并强化邻里社区的真实连接。,"希望能保留看传统纸质书的习惯，面对面讨论读书感悟那就更难得了。
外卖方便快捷, 预制菜风靡, 自己下厨是一种美好的传统, 下厨做美食是一种享受.
菜场买菜方便, 很多人已经忘了如何种植蔬菜, 水果. 如果能自己有一块小菜地, 自己打理, 重视蔬菜, 那也是一种传统.",,,,,,,,,,,,,,,,,,,,,,,,,,,,,,,,,,,,,,,,,,,,,,,,,,,,,,,,,,,,,,,,,,,,,,,,,
坚持低物欲、高精神追求的价值观，人生是怎么样的？,无,"对社会是没有过多的好处的，更多的是满足于自己，自我内心的追求，人的精神如果是空白的，那就一定是出现了问题，就像如果一个人不喜欢吃东西，那一定是胃出现了问题。
我的心会永远等着你，但我的脚步却不能因为等你而停留。","琢磨着给梦想添把火，给理想具现化，忙忙碌碌的大脑指挥部，手忙脚乱的落地执行人。
在跷跷板上，悄悄把精神端的行李扔到对面的现实端，从从容偏心作弊。
有了人生的定义权，你想怎么解释都可以。","一无所得，却拥有一切！！
一无所得，却拥有一切！！！
一无所得，却拥有一切！！！！
一无所得，却拥有一切！！！！！！
哈哈！！！！！😛😛😛😛😛😛😛😛😛😛😛😛","出道入儒，内圣外王！
修道和成圣都是对物质要求不高的，当官和当皇帝都是对物质要求最高的。
儒家之所以被广泛信服，最主要原因就是能在内外、个人与社会之间，通过协同达到最大化。","如果人人都能做到低物欲，高精神的价值观，那么这个世界将会比现在美好的多。
作为一个人，本来就应该重精神，轻物质。
可现实却刚好相反。
所以现在的人大多活的不开心，活的累。
仿佛我们来到这个世界上就是为了追求物质活着的，否则就没有意义。","不浪费就行了，不可能不消费，也不可能超低消费。
都说颜回40岁就死于营养不良。可是颜回说过他在城外有50亩地种粮食，城内10亩地种桑麻。一个男人的力气最多种20亩地，且颜回主要从事教育行业，所以颜回家也是有佣人的。
一瓢饮一箪食，不是颜回吃不饱每天就一顿，是喝水的工具只有一个葫芦瓢，吃饭的工具，只有一个竹筒。
高精神追求就难了，偶尔助人为乐，也算不上什么高精神追求。",真心虔诚的佛弟子最为常见。,最起码活着不累吧，如果能找到对的路肯定更好了。,"这样的生活目标很好啊，问题是人的执念固执可能通不过。
人们养成习惯的一般观念立场就是人需要精神享受，也需要物质支持，如果脱离这个习惯，恐怕需要毅力或者修行，需要深入探讨研究才能有此想法和结果，否则，这个想法有些反人性。
人如果能够做到低物欲，其实可以提高生活质量，也就是远离了低级享受低级趣味，转而追求特立独行的更自由自在的生活状态。
我听闻知道的一个大佬，人家吃饭不吃浓汤大炒，就喜欢清淡简单，原因就是因为卫生和健康。",精神追求究竟是什么？一个人没吃饱没穿暖能追求什么？吃饱穿暖，还追求物质是什么？除了吃进肚子穿到身上人还能真正获得什么，追求的东西究竟是物质的还是精神的，人真的能按一个价值观活着吗？,,,,,,,,,,,,,,,,,,,,,,,,,,,,,,,,,,,,,,,,,,,,,,,,,,,,,,,,,,,,,,,,,,,,,,,,,
2025 你有哪些「为了吃我什么都会」的时刻？,"本问题为 @知乎美食 年终有奖问答活动问题，欢迎分享你的真实故事，与我们一起「食」话实说。
活动详情可见：","好吧，说说「为了吃」，我这个【逆天超渣】女司机是如何在冲绳把自己逼【会】……

年初假期，我家去了冲绳的宫古岛度假。
这次是我们第三次去冲绳，小安子选了一个远离市区的海边度假别墅区。

一家一栋，散步走不远，就能抵达蓝天碧海和雪白沙滩。
纯净，辽阔，符合了我对冲绳的所有想象。
我们去的那周天气很好，兜风去了几次当地的地标——伊良部大桥，全长3.5公里的跨海大桥，可俯瞰宫古岛特有的“宫古蓝”海水，我这种毫无技术和器材加持的人都能拍出这种效果
冲绳除了有如诗如画的海岛美景，还有许多富具琉球特色的美食，简直让我这个吃货乐不思蜀！
哎，既然都说到冲绳美食了，那就先让我多嘴说几道当地特色菜吧！
◆海葡萄
例如下面这种海葡萄（学名：Caulerpa lentillifera，别名长寿藻、绿色鱼子酱）。
咬破时会发出“啵啵”声，类似鱼子酱那种爆裂感。
味道的话，是很明显的海藻咸鲜味，口感清爽，搭配酱油或橙醋，吃起来十分过瘾！(￣▽￣)""
海葡萄和苦瓜、阿古猪并称【冲绳三宝】！
新鲜的海葡萄在日本其他地区比较少见，所以每次去冲绳，我肯定都会点这道菜。
海葡萄主要分布于日本冲绳、东南亚（菲律宾、印尼等）及太平洋热带海域
苦瓜这个宝大家都很熟了，跳过不说。
◆阿古猪
另外一宝【阿古猪（アグー豚）】，倒也很值得推荐！

因为年初是冬季嘛，去吃阿古猪烤肉、涮涮锅，都是鲜美甘甜、热腾腾、暖呼呼。
吃完觉得超幸福！

冲绳的猪肉美食源远流长，而阿古猪则是冲绳近代的珍贵猪种。
其起源可追溯至约600年前从咱们明朝引入的【岛屿猪】。

该品种在冲绳经过数百年独特气候风土驯化，最终才形成了冲绳独有的【阿古猪】。
阿古涮涮锅，滋味天然甘甜
阿古猪生长慢，下猪崽的数量又少，因此养殖成本颇高。
但架不住它好吃，脂肪融点低，肉质柔软，带有甘甜风味，因此还是备受追捧。

就我吃过的来说，用阿古做冲绳红烧肉、烤肉、涮火锅，的确都很好吃！

不过阿古猪产量仅占冲绳猪肉的1%，因此价格较贵，属于高端食材，这点不太友好，哈哈！

对了，【阿古】这个读音其实是冲绳方言，本身就是【猪】的意思哦！(●ˇ∀ˇ●)
肚子大大的，看着特别可爱！
也去吃了烤阿古
哎，越扯越远了，赶紧回来说「为了吃我什么都会」——开车，不会也得会！！
◆在日本考驾照一二事
来日本第一年，我就去驾校上课，考驾照。（在广州时没考过哈！）
30岁出头的姐姐，夹在一堆岛国大学生中间（在日本，18-20岁左右来考执照的人最多），莫名违和……(lll￢ω￢)

经过三个月的努力学习，本姐姐华丽丽地以99分、全班第一的成绩，一次性通过笔试。

嘿嘿，好歹当年也是文科学霸，只要不是数理化，笔试什么的姐倒没怎么担心过。(￣▽￣)""
同学们大致就是这种风格
班上有个男生，笔试居然考了10次才合格，大写一个服字啊！
不过很快，就轮到大家送我一个【服】字了……
一到上路实习，同车的同学就发现，原来班上的理论大才女，是个【机械盲+手残+紧张怪】……

我的路考，反复考了三次才合格。
然后，在属于我的新车回家那天，小安子从车行把车开回来后，为了给我仪式感，特意把倒车入库这个光辉时刻让给我。
嗯，第一次在自己家入库，我很豪爽地【刷——】一下！
就把车歪歪斜斜地倒进车库，紧贴墙壁！

只听见【滋——】地一声，车门上喜提一条长长的伤痕……
我的车也是红色的，伤痕与此图像了九成
◆超渣女司机的光荣事迹
之后小安子陪我上路，一起经历了许多【心动】时刻……
包括我闯红灯未果，把车停在斑马线中间。

或者载着高烧的他去医院，我在上坡时，让自动挡挂着二档，却猛踩油门。
然后很疑惑为啥车子爬不动，似乎还发出异常声音……

又或者听到后面有救护车【bibu-bibu-】开过来，不知道该何时靠边停下让路。
只会一个劲地在车上穷慌张……
当然还有路盲问题，顾着看导航就忘了看路……等等
其他车辆必须停在两边，给救护车、警车、消防车让路
终于，小安子委婉地劝我少开，而我也认清了自己不适合开车。
在上路三个月后，就一直把车子放车库里，基本不开了。
后来，也就是两三个月开一次，到家附近的超市大采购。
而这家超市，走路也只要5分钟……(lll￢ω￢)

也因为如此，目前我的执照换了两次，已经拿到【金色驾照】……
金色，代表是完全没被扣过分的优质司机！but，我拿得很心虚啊，哈哈哈！
那么，我这个拿了金色驾照十年，但驾龄基本只有最初那三个月的超渣女司机，在冲绳为了吃做了啥呢？
手机里的宫古岛之海。我没去过夏威夷，但总觉得，便是夏威夷，想来也是类似的吧？绝美的海岛总是相似的。就如我们美丽的海南！！
◆为了吃，我什么都会！
那是离开冲绳的前一天晚上。
我们在外面玩了一天，吃了当地有名的美式汉堡，打卡了好几个漂亮的海滩。

傍晚逛了超市，找了些冲绳特色熟食，回别墅悠哉游哉地开吃。
冲绳是美军基地，美式食品也是大行其道
住这种别墅最好的地方就是，如果愿意，自己也可以开火
小安子开了几罐当地特色啤酒。
就着冲绳本土美食猪耳朵（冲绳方言叫ミミガー、mimiga，是不是很可爱的发音），
还有炖猪手（冲绳方言叫てびち、Tebichi）之类的，
瘫在沙发上美美地喝了一小时的小酒……
mimiga，冲绳凉拌猪耳朵
冲绳炖猪手
然而到了晚上9点，我们三个吃货都觉得买的熟食有点少，饿了……
没关系，可以去餐厅吃宵夜呀！
我兴冲冲地找了下周围的餐厅，沮丧地发现宫古岛郊区的餐厅都很早打烊……

唯有一家距离别墅区车程10分钟的冲绳风关东煮居酒屋，居然开到11点耶！( •̀ ω •́ )y
而且他家还有超级有特色的墨鱼汁料理！我高兴得不得了，立刻就招呼大家穿衣出门。
就是这家宝藏【岛屿关东煮：Takara】
然而小安子立即提出了一个很大的问题：＜哎，我喝酒了，不能开车啊……＞
呀，对哦……怎么办？可是这家店，我超想去啊！

结果就为了这一口吃的，逼得我什么都会——最不行的开车，也必须硬着头皮会！

我仔细查了路径，谢天谢地，从我们的住处开过去，居然只需要沿着海边的公路一直开就行！
我这种【逆天超渣】女司机，肯定不敢开进市区。
所以只要在距离餐厅步行10分钟左右的公路附近停车场停车，下车走过去，就能吃上这家店的墨鱼汁料理啦！(lll￢ω￢)
岛上很少餐厅开到那么晚，太幸运了
小安子看着路径，又狐疑地看看我，认真想了几分钟。
嗯，就一条笔直的大公路，而且郊区9点，根本已经没啥车上路……
就算是我这种女司机里的渣渣战斗机，好像也可以？

就这样，我一个从没在晚上开过车的人，兴冲冲+战战兢兢+紧紧张张+不屈不挠……
反正，就载着喝了酒的小安子和大公主，摸黑开车上路觅食去了。
早上的话，大致是这样的
从郊区别墅区出来大马路，倒是要开一小段类似这样的路
“夜间马路杀手”正式上线。
也不知道为啥，只要一坐进驾驶座，我就会心跳加快……

这还是四处漆黑的大晚上啊，搞得我更是双手紧握方向盘，指节都快发白的节奏……
身体前倾到几乎要贴上挡风玻璃，眼睛瞪得像探照灯。

因为我怕路上会有什么猫猫狗狗跑出来。
虽然，此刻路上，空得都能拍恐怖片了……(lll￢ω￢)
我人生中第一次开夜车的冲绳海边公路，其实并没有此图那么【多？！】车，哈哈哈
小安子在副驾上无奈扶额：
“别紧张啊！往后靠一点才能看清路况！你看你，额头都要把前窗贴出印花来了……”

反正路上没车，咱们的车就以25-30公里的时速优雅滑行。
非常偶而地会有后方来车，嗯，全程好像就遇到4、5辆吧？
对方无一例外，都被我的“稳定低速”逼得无奈超车……

每当有车灯从后视镜闪过，我就忍不住紧张，在心里默默念念有词：
“莫慌莫慌，敌不动我不动……”，坚定保持车速30公里以下……
作为驾校学霸，我可是记得，汽车时速低于30km的话，万一有啥事，造成步行者死亡的机率也能控制在0.9%以下……
大公主在后座无聊地看着车外慢吞吞移动的景色，不时好心提醒我：
“母上，你真不用看导航！直走……对，直走就好……真的只需要直走……”
好吧，就是这样，靠着我人品好，结果还真平安无事地开了15分钟，把车开进了宽阔、没啥车停放的停车场！

全员活蹦乱跳地下了车（我其实紧张了一路，有点脚软哈）。
又走了10分钟，终于安全进入居酒屋！哈哈哈！(￣▽￣)""
墨鱼汁汤，超级好喝
◆终于吃到黑乎乎的墨鱼汁汤啦！
这家店【Takara（宝）】，主打冲绳风关东煮。
但最令我惊艳的，的确就是上图这张黑乎乎的墨鱼汁汤。

店家将白乌贼、猪肉和当地特色蔬菜苦菜一同炖煮，再加入乌贼墨汁，熬制成漆黑的汤汁。

此汤不仅丝毫不腥，乌贼、猪肉的鲜美滋味十分鲜明，汤汁也十分清爽，好喝得不得了！
墨鱼汁炒面
他家招牌菜，冲绳风关东煮，十分温柔的滋味
吃完这顿宵夜，让我觉得，不枉自己为了它，鼓足勇气，
贡献出自己十几年来的第一次开夜车啊！

哎，话痨控制不住场面了，也不知道有几个友友可以看到最后……

溜了溜了，反正，这就是我今年【为了吃什么都会】的高光时刻啦！(￣▽￣)""
@知乎美食 @知乎旅行","我姥爷是个老饕~特别爱吃，也好研究吃的~小时候每到秋冬交际，就会带着我满市场去找霜打的萝卜~挑这种萝卜呀有点诀窍的~
霜打萝卜，表皮颜色会变深、变暗，白萝卜可能泛着淡淡的米黄或象牙色，青头部分可能变成更深的墨绿或黄绿色。整体看起来不那么“水灵”。
霜打萝卜表皮因为经历过低温脱水，会微微起皱，不像新鲜萝卜那么光滑紧绷。萝卜表皮，特别是上半部分靠近叶子的地方，可能会找到浅褐色、不规则的细小斑痕或暗纹。这不是烂了，而是轻微的冻伤痕迹，这个特征基本可以确定是霜打过的。
那说有新鲜的萝卜，为什么咱要买霜打的呢~那肯定是因为霜打的萝卜更好吃啊！我们北方有句俗话叫“霜打萝卜赛梨酥”。
它为啥比普通萝卜好吃一点呢，白萝卜遭遇霜冻时，为抵御低温伤害，会启动“抗冻反应”。植物体内的淀粉会在酶的作用下转化为可溶性糖（如葡萄糖、果糖），糖水混合液的冰点降低，防止细胞结冰受损。所以霜打萝卜甜味更明显，烹饪后回甘更突出。
而且霜冻导致细胞间隙的游离水结冰，解冻后部分细胞破裂，水分分布更均匀。烹饪时更容易软化，口感更细腻。低温促使粗纤维部分降解，萝卜的辛辣感和粗糙感减弱，口感更柔和不“柴”。冻秋梨也是这个科学原理。
霜打的萝卜不辣，甜度又比较高，口感又更细腻~这种萝卜，无论是清炒，红烧还是炖汤，都比普通萝卜要好吃很多~
不过话说回来，这只有秋冬交季的时候才找得着，平常你也吃不到，这只能算是一种限定美食~
我在海南住了好几年了！用萝卜煲汤啊，总觉得差点儿意思~后来我想要是有点霜打的萝卜就好了……问题在海南，这个太难找了……
————————
我这人爱琢磨呀，就合计，霜冻过程就是在0度到5度中，逐渐使萝卜受到了轻微的冻伤，导致它表皮发皱，失去水分~
用冰箱模拟这个过程可不可以呢？晚上调到0度，白天调到5度，把一些萝卜放在这个格子里，冻个一个礼拜，看看口感会不会变好~
说干就干，买了几个大小适中的白萝卜呀，放在冰箱里了~
后来啊，冻了几天，切完了一尝~卧槽，简直太难吃了！淡而无味，口感软烂！还不如新鲜萝卜好吃……
嗯，我仔细想了想啊，霜打的萝卜是指在地里头被霜打，这个过程持续了几天，才能叫霜打的萝卜……一方面被低温所冻伤，一方面也持续在土地中获取营养~这两个条件缺一不可呀，所以我用冰箱模拟的话，缺少了一个在土地栽培的过程！
难怪我失败了！
我在今年夏天这次实验中啊，我失败了……侧面证明了，这种限定美食啊，还是要经过大自然的筛选！
————————————
头两天不是冬至吗~我们河北冬至啊，又吃水饺，又爱喝羊肉汤~羊肉汤配着萝卜一起炖，这是一个常规做法~
我小姨子家羊肉特别好，我给阿喵家带了20多斤~但是没有好萝卜呀，总是感觉欠了点什么！好在三亚阿喵有一些熟人，专门做瓜菜养殖的~
中间有个兄弟，他是在五指山种菜的……又让阿喵打电话试探性的问了一下，说最近降温啊，你们五指山有没有霜打的萝卜可以卖，要是有的话呀，我们多出钱，你给我们快递一点~
结果他家还真自己种了一点~算上快递啊，一斤6块多……好家伙~为了口吃的也真是拼了！
等萝卜到了阿喵家，特意挑了一些大小适中的~一部分用来炖羊肉，一部分用来凉拌~萝卜太大容易糠心儿，必须是大小适中的才行~
这回可算对味儿了，霜打的萝卜和羊肉一起炖，汤头清甜，萝卜吸饱汤汁，绝了~
切了一些苹果梨片，和霜打的萝卜片儿一起拌了一个凉拌菜~两者口感上确实像，真应了那句俗语，霜打萝卜赛梨酥~
大伙儿都吃得赞不绝口~龙姐还问我，这个苹果梨片拌萝卜片的凉拌菜叫什么？
我正准备瞎编呢~阿喵抢答了，说：“这我知道呀，这个叫群英荟萃啊！”
结果只有阿喵和他爸妈，还有我，4个河北人，领悟到了其中的梗，哈哈大笑~
我这人确实有点嘴馋，有的时候为了口吃的呀，会想各种的辙~","作为一个资深吃货，🌟总有自己奇奇怪怪的点是别人给不到的。
🌼为了吃到自己想吃的美食被迫学会了做饭，🌟很多时候真的觉得自己做的饭是天下第一好吃。
🍀为了吃我从来不嫌麻烦，做的时候觉得特别开心，做成后好有成就感。
🌹每天变着花样给自己做美食，亏待什么都不能亏待自己那张嘴。
🌸家人都上班，我一个人在家的时候嘴馋总喜欢做好吃的东西。
煎鸡翅真的巨巨好吃😋，我一定要试试自己做出一道脆皮椒盐鸡翅～
🍋于是我跟着食谱的做法步骤行动起来～
1⃣️准备好材料，把鸡翅改花刀，放入料酒➕生抽➕蚝油➕胡椒粉腌制20分钟。
2⃣️在腌制好的鸡翅里打入一只鸡蛋，加入三勺定分搅拌均匀。
3⃣️起锅烧油放入鸡翅，煎至一面微焦再翻面煎至两面金黄即可。
🌼怎么每一步都是按照菜谱来做的，怎么我做出来的鸡翅都做糊了呢🤔
🌈该放的都放了，味道总是不对，是自己领悟能力太差，还是食物变异成这个样子了 😭
🌼食谱上明明写的是煎至一面微焦再翻面，可我做出来的来鸡翅里面还没熟，😮‍💨外面却焦香焦香的样子～
🍃为了吃继续煎熟出锅，撒上白芝麻和椒盐。这一道椒盐煎鸡翅失败告终❌，样子不好看，味道不对😭
🌸作为一个资深吃货，为了美食我会继续努力💪，这次失败的原因是火候掌握得不够好，下次加油～
🌟我妈说，要想拿住一个人得先拿住他的胃，没有人天生会做饭。
🌹那个肯为你学做饭，为你烟熏火燎的人一定是爱你的人💕
🍰买了个烤箱，为了能吃上甜甜的小蛋糕和各种美食，我与闺蜜深入研究各种焙烘美食视频。
🌼首先从最简单的烤蛋挞开始实践，简单又美味，非常适合新手入门。
🌈材料在网上购买的蛋挞皮和淡奶油，闺蜜买来的鸡蛋和牛奶，开始复刻kfc的味道。
🌼准备好一切，复刻❗️复刻❗️
1⃣️把蛋挞皮从冰箱里取出提前解冻，一个个放好，要不然会黏住。
2⃣️碗中打入鸡蛋，倒入牛奶➕白糖➕炼乳搅拌均匀。
3⃣️搅拌均匀后过筛几遍，加入淡奶油搅拌均匀即可。
4⃣️把做好的蛋液倒入蛋挞皮中，每个8–9成满就可以了。
5⃣️烤箱提前预热，调180度考45分钟即可出炉。
⚠️蛋液倒得太满在烤制的过程中会溢出来，也会影响起酥的效果。
🌼按照美食博主的方法来做，信心满满这次一定会成功。
🍬跟蜜蜜两人一边玩游戏，一边等会美味的蛋挞出炉～
🍀45分钟后打开烤箱一看，明明跟人家学的，怎么就糊了呢😭。
看样子有点难吃，可恶蛋挞到底是怎么烤的呢🤔
🌟第一次尝试做蛋挞，结果以失败告终，可怜的蛋挞哦。
⚠️失败的原因是温度太高，时间太长。
🌸后来多尝试几遍，原来每个烤箱的脾气不一样，必须要掌握自己烤箱的时间和温度就会成功了。
🌼人生苦短，唯有那口吃的能让我瞬间元气满满的，活力四射，一口美食下肚快乐直接拉满。
🌟有一次突发奇想想吃个生煎包，万万没想到会弄成煤灰啊😭
🌈从冰箱里拿出一包小笼包，做我喜欢吃的生煎包，香脆里嫩，想想都美味。
🌹为了吃的，我已经学会了不少菜肴的制作方法。🌟简简单单一个生煎包子并不难做，安排起来～
1⃣️把包子在常温下先回温5分钟。
2⃣️开小火倒入适量食用油，放入包子煎至底部金黄，加入至包子高度一半的水盖上盖子。
3⃣️煎至底部出现锅巴，水快干的时候淋入淀粉水➕一勺食用油，盖上盖子焖5分钟即可。
🌟本来好好的几个包子，我以为是关火了，先去吃了点别的东西。
🌹就这样过了10分钟，就闻到糊的味道，掀起锅盖本来好好的包子就这样翻车了。
🍓为了吃的我曾经做出很多黑暗料理，🌟但是我不会让任何理由去阻止自己想吃的美食。
🍉只要想吃的，都不要顾虑太多，想吃的东西马上去安排，立刻去享用。
🎁2025年的生活就是要随心所欲，想吃的时候就尽情享受美食，🌟人生苦短别让自己的嘴巴受委屈，先喂饱胃再说～
🌹生活已经够难了，美食必须安排上。不会为了减肥而克制，偶尔放纵一下自己，🌟吃自己想吃的东西，这也是一种生活态度。
🤔与其纠结卡路里，还不如痛快去吃一顿，对于我这个吃货来说，快乐就是吃饱～
🌹2025年还有几天就过去了，新的一年快乐到了。
🎁2026年我继续做一个简单的小吃货～让心仪的美食治愈一切～
@知乎美食","看到这道题，我还真回忆起了一些，为了吃我什么都会的时刻。
我喜欢自己动手做美食，在2025年年初的时候，应一位知友的要求，我尝试着做灌汤包。
灌汤包儿很不好做，馅料和外皮都很有讲究。
看了一些视频，了解了关于灌汤包的做法，也结合了一些自己做饭的经验。
做灌汤包时，调肉馅要有肉皮冻，把肉皮冻调入肉馅中，这样蒸出来的包子，才会有汤汁极其丰富的情况。
这是一个比较大的工程。
第一步要先做肉皮冻。
做肉皮冻也是很费事的，耗时耗力。
不过既然下定决心，那就做起来吧。
做一次灌汤包儿，能收获至少两种美食。
就是肉皮冻和包子。我都很久没有做肉皮冻了。自己也确实很想吃。
蒸包子的过程我分成了两天，第一天做肉皮冻，肉皮冻经过熬制，还要放在厨房，冬天冷，厨房正合适，一宿之后，肉皮冻就凝固成型了。
先到市场去买肉皮。老板把肉皮刮的很干净了，挑了几块拿回家。
先把肉皮洗干净，放入冷水中，先简单的焯一下水，把肉皮冷水下锅，倒入料酒，再放上姜片和葱段，敞着锅煮开之后，调成中小火，再煮五六分钟关火。一定不要盖锅盖，让肉皮里的异味挥发出去。
拿一个小盆装上温热的水，把肉皮捞入盆中，清洗一下。
再用刀把肉皮两面的肥肉和猪毛刮掉，这步是个细致活，要有耐心，也可以用镊子把猪毛拔下去。
这一步就比较耗费时间，也比较考验人的体力。
全部刮干净的猪皮切成条，放入小盆中，放入两勺食盐，一勺半的小苏打，一勺高度白酒，戴上一次性手套，好好抓揉猪皮，放置几分钟，再用热水好好的清洗3到4遍，把猪皮洗干净。
锅里再重新烧水，水热之后放入肉皮继续煮，加入调料，有料酒，姜片，葱段，用了一个调料盒，里面放上一些碎小的调料，像花椒粒，大料，桂皮，香叶，小茴香，干辣椒，绿豆，山楂，我自己晒的橘子皮，后三种都有去腥增香的效果，也让肉皮更容易烂熟。
肉皮的异味儿比较重，要多加一些香料，才能去除异味儿。
刚开始煮的时候，还是要敞开锅盖煮十几分钟，能让异味儿更进一步挥发出去。
之后再盖上锅盖，小火慢炖。
大概煮了50多分钟，后面加入食盐，入个底味，不用加太多，拌皮冻的时候还要加调料汁。
最后皮冻熬至剩下小半锅水，关火，把肉皮捞了出来。
把熬肉皮剩下的汤倒入小盆中，放在厨房里，冬天里厨房很冷，放一宿之后，就能凝结成皮冻了。
这一次做的比较多，留出一部分准备蒸包子，剩下的就做成美味的凉拌皮冻。

把皮冻切成小方块，放入盘中。
再调一碗料汁，拿一个小碗，放入一点白糖，陈醋，生抽，鱼露，蚝油，小米辣，蒜泥，拌匀后浇在皮冻上，再撒上香菜末，大功告成。
自己熬的肉皮冻，没什么异味儿，嫩滑q弹，满满的胶原蛋白。一口吃下去，微凉香滑。
做好了肉皮冻，就可以做另一道美食灌汤包了。
做灌汤包要用高筋面粉，我特意买的高筋面粉。
先和面，拿一个小盆，里面倒入大约450克到500克面粉，要加入50克的淀粉，先拌匀，再拿适量清水，加入5克盐，融化后，分少量多次倒入面粉中，快速搅拌，面粉搅拌成一个个小面絮，再把面絮揉起来，把面团充分揉匀，盖上盖，松弛十几分钟。
再次把面团放在案板上，充分揉匀，一定要揉至面团非常光滑，这一步很关键，要到哪种程度呢？
揪下一小块面团，用手抻开，能像薄膜一样就可以了。
用保鲜膜裹住面团，完全包裹后，放在案板上，再醒至少一小时以上，面才好用。
接下来调肉馅，我在肉铺直接让老板绞的前腿肉，回家调馅。
肉馅里放入食盐，鸡精，酱油，生抽，十三香，白胡椒粉，还有提前泡好的花椒，葱姜水，把料水分少量，多次倒入馅中，用筷子使劲搅拌，让肉馅充分上劲。搅拌的时间长一些，让肉馅充分吃足水分。
最后，加入适量植物油，锁住肉馅中的水分，再搅拌均匀，把切好的皮冻丁倒入肉馅中。皮冻的量大概是肉馅的1/3左右，放的多，蒸熟的包子的汤就多一些，这个量自己掌握。

肉馅和匀，等面醒好，揭下保鲜膜，就不用再揉了，把面切成长条状，再揉成圆条，用刀切成大概15克左右的剂子，擀成外薄内厚的皮儿，放入肉馅，捏出花边，最后把口一定要收紧，避免漏汤。
包好之后，等蒸锅中水开了再放入锅中，大火蒸十分钟。关火，揭开锅盖，灌汤包蒸好了，接下来就可以享用了。
刚出锅的包子比较烫，吃的时候要小心。最好晾几分钟再吃。
把包子先咬出一个小口儿，汤汁流出来，我自己做的这个灌汤包儿，味道还不错。
就是皮儿不是太理想，还不够薄，不够软。这是家庭版的灌汤包儿。比起大厨做的还是要差一些。
整个蒸包子的过程还是比较费事的，用了很长时间做了出来，感觉腰酸背痛。
但是为了能吃上美味的皮冻和灌汤包儿，也是拼了。
我是@皑皑雪原之花
喜欢美食，也喜欢动手做美食。
@知乎美食","有一天我心情糟糕，想吃兔头。那时候我还和大元住在绿地，好像大元去陕西出差了，我自己一个人睡了一天，下午准备打车到双流吃老妈兔头。
天还下着暴雨，站在窗口看了看，有点犹豫，但是一想到热乎乎的兔头，清口水又长流。最后还是决定，吃他妈的！
于是匆匆下楼，打车，冒雨钻进去。
绿地在龙泉，老妈兔头在双流，几乎跨越了整个成都从东到西的全部坐标，我坐了一个多小时的车才到清泰路，这是真正“正宗”的老妈兔头。
一到店门口，心情就活跃了。
那久违的酱汁香从玻璃口吹出来，吹得我心痒痒的。
我让店员给我上八个麻辣味的，四个五香味，又点了一盘火爆猪鼻筋，开吃。
先从五香味的入手，兔头抄起来一掰，鲜淋漓香热的汁水沁了出来，双手捧着，赶紧撮一口。汤汁嘟噜嘟噜顺着喉管下去，心情像薄薄的春冰，被一扫把扫碎，千里开江。
细嫩多汁的脸颊肉，软糯的兔眼睛，腌制入味如鱼冻的兔脑子。热吃带着浓浓的胶质，那点淡淡的兔腥味又恰好被温度压住了。我手速极快，三下五除二便把四个五香消灭干净。
又换了一副手套，吃麻辣味的。
麻辣兔头口味要重得多，稍微有一丝丝樟脑的香气，很淡但是很独特，这让它醇辣的兔头中多了一分细若雾凇的回甜，一哈气就化到了胃里，微妙极了。
我在兔头还没来得及晾凉之前，就把它们全部吃到了肚子里。这时候舌头分别有了五香的酱汁麻辣的酱汁打底，味厚而思淡。赶紧让服务员给我打一碗新鲜的热米饭来，我要拌着火爆猪鼻筋吃。
成都这边的人十分会吃，他们把新鲜的猪鼻筋挑出来弄干净，一根根肥肥白白的猪鼻筋，其形状微微似海边人家的沙虫干，周正得很。
猪鼻筋可以串起来烧烤，汪滋滋的鼻筋油被炭火炙出来，撒上烧烤小料，弹润爽糯，配上煮啤酒，能把人喝到尿涨。
不过我最喜欢的还是火爆猪鼻筋，把猪鼻筋切段，用藕丁葱丁二荆条颗颗加豆瓣酱以混合油大火爆炒，炒出来的猪鼻筋同时具有焦糯的口感，热热辣辣比蒜苗回锅肉还下米饭。
我小心寻找着那些跟藕丁同色的猪鼻筋，和着米饭美美吃了两大碗。结完帐，临打车想想过来一趟不容易，遂再买八个麻辣兔头六个五香兔头打包带回去。
大雨还在倾盆如注地下，花了接近九十分钟才到家。
你绝对想不到，坐车坐饿了，推开门我立马又炫了五个兔头。
这一天心情糟糕的人肯定很多，但冒大雨前后近三个小时的“通勤”，吃十七个兔头的，试问成都能有几人呢？
事后我有点怀疑，心情糟糕是我自己杜撰出来的吃兔头的借口。
因为，我不记得为什么心情不好了，而只记得那天吃得太畅快！",,,,,,,,,,,,,,,,,,,,,,,,,,,,,,,,,,,,,,,,,,,,,,,,,,,,,,,,,,,,,,,,,,,,,,,,,,,,,,
如果实现财富自由后，你会选择在城市生活还是去农村生活呢？,如果你已经财富自由，会更享受城市便捷的时候还是更愿意回到农村过亲近自然一点的生活呢,"谢邀，是谁，走漏了我以后会财富自由的风声？（狗头）
财富自由的话，我会在城市买一栋别墅，作为平时居住的地方。
如果老家农村有宅基地/房子卖，会买一块/一栋来改造成别墅，想回去的时候就回去住。
先这两块吧，如果还有钱，东北、海南........（握拳）","城区农村算什么，我要去景区
我一个朋友就是这样，干地产的。跑到越南的一个景区头脑发热，买了一栋别墅。
便宜是真便宜，美景是真无敌。但是我们都笑，人是真傻。
结果房地产大崩，一帮子笑他的同僚都闲赋在家，他跑到越南去干起来了导游，专导国内人。
所以说世事无常，没当过几回傻缺，你都不好意思说领悟了人生","谢邀！
如果我实现了财富自由，除了在城里留套房子外，在老家农村也建一套房子，因为我有宅基地，并有老房子，一切运行起来很容易。
至于是否跟子女生活在一起，那得根据子女的意愿，必竟年纪大了还得靠子女。平时为了不给子女添麻烦，还是会住在乡下，现在的农村里什么都有，也有自己的菜地，空气又好，钓钓鱼，平辈们打打牌，聊聊八卦，小日子不要过得太好。
根据季节，出去旅游，到处转转开开眼界，也不会与这大环境脱节的。",我都财富自由了干嘛还纠结在城市和农村生活.想住那里就住那里啊.城市和农村都有自己的房产不就解决了吗.这种问题有提的必要吗,本人不是专业人士。说点想法。现在的大趋势就是农村人逐渐到城里生活，所以还是在城市生活吧。毕竟城里的上学就业等发展机会多一些。还有作者说过，一百万待县城，一千万到深圳。这些知识经验都可以参考。愚见供参考。,,,,,,,,,,,,,,,,,,,,,,,,,,,,,,,,,,,,,,,,,,,,,,,,,,,,,,,,,,,,,,,,,,,,,,,,,,,,,,
如何看待瑜伽馆印度私教男教练事件？,"成都这家网红瑜伽馆彻底火出圈，可惜不是因为教学好，是因为印度男教练的操作让人看不懂！15秒视频流出后全网炸锅。
画面里的身体接触，到底是正常教学还是刻意侵犯？瑜伽馆的回应更是离谱，反倒把网友的怒火越烧越旺。
事情说起来很简单，近日有网友晒出视频，配文一句“你们敢信这是教学？”，瞬间引发热议。视频里印度男教练对女学员的身体接触幅度不小，网友看后纷纷吐槽，这根本不是指导动作，更像是借着教学名义的冒犯。
面对质疑，瑜伽馆第一时间发声明，直言视频严重失实，还放了教练照片想洗白，甚至放话要追究传播者的法律责任，官微也跟着重申内容不符事实。
可后续爆料更让人匪夷所思，有学员透露，这家瑜伽馆上课要签“触摸同意书”，但里面压根没写清哪些能碰、哪些不能碰，更离谱的是，这份同意书是事件发生后才补签的。
知情者还说，这位男教练平时就爱对女学员动手，抓腰部、按腿部、拽手臂都是常事，甚至课后会私信要求女学员拍短视频，不拍就不让上下一节课。
面对这些实锤，瑜伽馆没想着解决问题，反而赶紧删视频、停课程，试图藏着掖着。前台工作人员回应时态度还特别嚣张，一口咬定“教练手法专业，就是误会”，这话彻底惹毛了网友，专业教学哪会没边界，事后补签同意书更是欲盖弥彰。","刚刚回答被B乎删了。再答。
我只想问:这个印度“教练”，是那所大学毕业的？有无工作签？是怎样到中国成都来的？
我是四川人，也是重庆人，我也想问一下——成都人的血性呢？举报了吗？","没啥好评价的。
下图的“写日记”，改成“去那种地方”就完事了。
瑜伽这个东西，说白了就是拉伸，你说它不算运动吧，也能活动筋骨出点汗，你说它是运动吧，它没什么抗阻内容，也不算有氧，在物理意义上就只起到了拉伸的作用。
但不可否认的是，其中的冥想对精神层面还是有一定积极意义的，这个就像和尚打坐，能让自己安静下来去回想整理过去发生的一些事，或者放空自己，起到释放压力的作用，这个是真的蛮管用的，大家不妨可以试一试，每天只要单独抽个10分钟就行。
而瑜伽的物理层面，就像我上面说的，起到了拉伸的作用。
以前我锻炼比较勤快，每周都会单独抽一天做一些瑜伽类动作，不过都是跟平衡相关的，除了拉伸舒缓筋骨，还可以锻炼自己的专注力和身体的平衡协调能力，所有动作一个人就能完成，完全不需要其他人帮忙。
不过这就跟去健身房找健身教练一样，有些人就想用经济成本替代时间成本，就选择去瑜伽馆，那也没问题，但是冲着这个印度教练去，是不是有点羊入虎口的意思了，或者，这羊也只是披着一件羊皮而已。
隔三差五去练那些瑜伽动作，真不如安排其中几天的时间进行一些抗阻和有氧训练，静态的拉伸放在每次运动之后或者一周里面的其中一天。
而冥想的话，可以每天都做一做。","瑜伽本来就是个自娱自乐的东西。
都不能称之为运动，因为没有运动强度，出的汗都是热的。
也没有实际的训练价值，改善不了身体状况，只具有自我安慰的效果。
瑜伽的受众，跟崇洋媚外的那群人是高度重合的。有这种事，是非常正常的。","看上去像是性力流派的瑜伽师傅啊，这种在当今也是一种旁门修炼路径。其中一些分支，就是有很多仪式化甚至实战化的生殖崇拜修炼过程，一般也要求必须是伴侣才能双修。
既然你找了师傅学这个，那就是默认结伴双修了。或者你只是这些瑜伽师傅的修行资粮而你自己不自知，这个师傅也可能是那种邪修，跟本不是那种带着各种观想修炼脉轮的，只是纯粹的占便宜，pua然后找机会艹学员。",瑜伽起原于印度，最早也是男的练习，所以不管他是男老师，女老师，印度还是其他国家的，只要专业度足够，对瑜伽的理解足够，完全可以接受。当然不能因为是印度老师，自己先给他戴滤镜，先入为主就认为他专业，那就错了，在我看来，大多数瑜伽馆在这一点上还是比较注意，毕竟会员的体验不好也会给馆主们带来负面影响，他也不傻，不能拿自己的声誉开玩笑！,,,,,,,,,,,,,,,,,,,,,,,,,,,,,,,,,,,,,,,,,,,,,,,,,,,,,,,,,,,,,,,,,,,,,,,,,,,,,,
如果自己已经50岁，每个月有固定收入3000块，愿意找一个安静没有认识人得地方生活吗？,很想逃离现在生活的地方，找一个不远不近的小镇，没有一个人认识的人，不去打扰别人，也不想被人打扰，这样的想法是不是不靠谱？,"50岁连配偶和孩子都没有？父母都已经不在了？那其实无论你在哪里生活都是安静且孤独的。即便有朋友，朋友们也有自己的生活，不可能像年轻的时候那样经常可以陪你的。
你得一个人看病，一个人逛街，一个人吃饭。每次回家，家里的灯都是灭的，灶头是冷的，饭菜是凉的。桶装水得自己换，蟑螂得自己拍，垃圾得自己倒，摔跤了也得自己爬起来，没有人会来扶你。
如果你受得了这样的生活十几二十年，那你就这么过吧。反正在正常的价值观里没人会羡慕这样的生活。","你自己生活在自己的世界里，在哪里都一样，为什么要去一个没有人认识你的地方呢？你怕什么呢？
不用怕，自己光明磊落的活着，想怎样就怎样，即使在人群中也无所谓啊！
都是自己多心了，没有人想打扰你，只要你自己定住自己！
本来无一物，何处惹尘埃！",不愿意，这样死了都没有人知道。就算不为了这个，我也希望未来自己的坟上也能冒冒青烟。一般富裕的家庭基本上是几代人共同努力的结果，让他们后辈基本上是富裕的。在现在这样的大环境下，当然是能帮一下后辈就帮一下。万一就少我这只手支撑呢。,因人而异吧！家家一本难念的经，我肯定不行，老妈患帕金森将近10年了，这几年有点严重起来了，差不多365天天天报道，早上归我，下午到晚上归我老姐，晚上归老爸，总得来说老爸最辛苦，因为晚上不要睡，吃三颗安眠药睡着有时候都反斜。我少管一点是因为今年我小女儿中考，2026年11月份退休，已经领失业金，日子过得比上班还要上班。不怕笑话，老妈辛亏生了两个女儿，周围帕金森但凡有个独生儿子，要么儿子多的都差不多死翘翘了。你所说的是我的梦想，现实根本不可能。送走老的还有小的，还要小的安单才有以后我老了有好日子过。差不多讲究讲究过吧！,这是一种逃避心理！若真能有这样一个地方生活，你缺少与人的交流和互动，也会静得让你想逃离！凡尘俗事，不就是人与人之间的互动吗？但因为我们暂时处于下方，自卑心理让我们想避开所有人，但极不现实。唯一可行的是看清自己的处境，静下心来，找准自己发力的优点，逆天改命！,"找一个安静，没有认识人的地方生活。
原因可能是：
一，不希望被别人打扰。
二，想要与过去的一切做一个切割。
我觉得我50岁的时候，还是一个群体性的动物。希望有人与我交流。与人交流有时可以给我充能。另外不希望被人打扰，其实很简单，关起门来关掉手机就够了。
过去的一切做切割，一般是往事不堪回首，或者实在是伤透了心，这种可能有，但不大。
每个月3000块，可以保障基本生存，但是生存的质量应该高不到哪里去。",人是群里动物，更多的人还是喜欢在自己曾经生活过的地方生活，所以才有落叶归根之说。到了50岁，很多人喜欢清静的生活，但并不是安静没有认识的人地方生活。人生地不熟的地方，不仅仅生活习惯和方式不一样，交流也会出现障碍。,"才五十岁，还大有作为呢？
有固定收入打底，可做的事多着呢，当然也包括找个安静没人认识的地方生活。",如果你有固定3000块钱的话为什么要换个地方呢,"活的默默无闻，过的平淡无奇，死的了无声息。
挺好。",,,,,,,,,,,,,,,,,,,,,,,,,,,,,,,,,,,,,,,,,,,,,,,,,,,,,,,,,,,,,,,,,,,,,,,,,
面对每天的家务活，如何才能不感到疲惫和厌倦？,每天下班回家看到乱糟糟的家就头大，好像永远也收拾不完，感觉身体和精神都特别疲惫，怎么才能找到一点乐趣或者动力呢？,"家务活不外乎买汰烧。
如果感觉到累，不妨买个扫地机器人，它可以解决你每天拖地的烦恼。
至于买菜，我家离菜场五分钟路程，比较方便。菜场里有个大商场，鸡鸭鱼肉都有，还有水果，蔬菜买。一站式服务，到位。
做菜时不妨戴上耳机听一些愉悦的歌曲或者广播剧，点开微信小程序，搜索“微信听书”，小程序跳出来后，搜索你喜欢的（我最近在听马伯庸【太白金星有点烦】）还不错，对，马伯庸就是去年很火的电视剧【长安的荔枝】的作者。
当你戴上耳机做家务活后，你会感到没那么累。觉得家务也变得诗意起来了，试一试。","我的做法是，千万别把家务活“攒着做”。
家务随手做。比如做饭。每次做完饭的时候，随手把灶台、锅，炉灶顺手一洗一擦，等吃完饭的时候，就不用再擦，而只是单纯洗碗碟而已。
用完的东西随手归位。家里的物件用完了随手放回原来的位置，不要乱摆乱放。这样家里就不会出现凌乱感。而且每次要用的东西都在老地方，不会找不到。
别攒垃圾袋、购物袋、快递箱。很多家庭觉得超市的购物袋还可以当垃圾袋，快递箱还可以攒起来卖废纸。当你一攒起来，家里就容易变垃圾场，更容易留着一些物件的外包装什么之类的，家里永远看起来不清爽，更不用说收拾了，收拾起来都费劲。
家里卫生分区顺手干。比如厨房地板，吃完饭顺便一拖就干净了，顺带着吃完饭收拾了餐厅，顺手又把餐厅拖一下。洗完澡擦一下卫生间，房间应该不会太糟糕，没必要天天擦。千万别攒着所有的活像搞大扫除一样，一次就把自己干趴下干颓废了。分散来干比较轻松。
定期断舍离。家里用不着的物件，舍不得丢的，可以送亲戚朋友。旧衣物，旧家电，旧玩具………多了去了。不用的东西别留着。
另外，我喜欢做家务的时候发自己喜欢的音乐，做起家务来一点都不烦躁。另外，做家务可以让孩子跟你动起来，分区指挥，更有效率。我家没有猪队友，所以，干家务是自己的事，不存在一边干一边叨叨骂猪队友的做法。
临近过年，我们这地方都习惯大扫除一次，从穿的，盖的，用的，睡的，吃的，里里外外都搞一遍。我平时都是顺手做一点，也经常做断舍离，所以家里不会出现大扫除的惊悚场面。
其实说到底，就是个习惯，别拖、别等、想干就干，不想干，就请钟点工干，不请，就过会再干。活不会跑的，早点晚点干而已。","我个人感觉：这个跟个人有很大关系，也是松弛感不足导致的。心态决定生活态度和质量。
有时候乱也是一种舒适环境，它会让你从紧绷的状态下散漫下来，也是一种放松。“破罐子破摔”才可以肆意妄为，才能彻底的把紧绷感发泄出来。
等松懈后又会让自己开始想要整洁有序的环境和生活，又会动力十足的想把家变得温暖舒适干净起来，也许会对家里进行简单的改造，买束花、挂幅画，增添点色彩和新元素。
家务千万不要每天做，除了吃喝拉撒是必须的之外，其他都可以根据自己心情、时间去做调整。
一天做太累，那就两天做，分批次进行，也能有劳动动力，也会有劳动乐趣。最怕得就是不想做还要逼迫自己做，我想这样的状态做啥都觉得没意思，不光是做家务活吧。拙见！","只做小活！不攒大活！
养成良好的生活习惯！
随手做——收纳、台面、地板、死角。。。
家庭成员各自负责某责任区，
承包到个人！
这个很关键！
从老到小，每个人都要有任务！
主要培养每个人都要有维护家庭整洁的意识！
例如小孩子负责垃圾桶！
包含垃圾桶本身里外干净
套垃圾袋、垃圾满了及时往外扔
小孩子还负责家里的抽纸
包含给纸巾盒里换新的、
随时报告库存情况等等吧。。
根据家人的性格特点、能力来定
全员的意识都培养起来，
基本上你们家里头就没有活了！
承包到人。","人没有办法从厌恶的事情中找到乐趣的。解决方案有两种，要么找外包；要么解决乱糟糟的源头，谁污染谁治理。
我刚工作的时候，除了完成本职工作，还要每天打扫实验室，领导拿着白色卫生纸擦犄角旮旯抽查，每次感到厌烦的时候，我就在网上投外企的简历，因为我知道我同学所在的公司，他们不用干这些。我就精进技术学英语，提升自己，在没有成功跳槽之前说服自己这就是我的命。",,,,,,,,,,,,,,,,,,,,,,,,,,,,,,,,,,,,,,,,,,,,,,,,,,,,,,,,,,,,,,,,,,,,,,,,,,,,,,
,,,,,,,,,,,,,,,,,,,,,,,,,,,,,,,,,,,,,,,,,,,,,,,,,,,,,,,,,,,,,,,,,,,,,,,,,,,,,,,,,,,,
,,,,,,,,,,,,,,,,,,,,,,,,,,,,,,,,,,,,,,,,,,,,,,,,,,,,,,,,,,,,,,,,,,,,,,,,,,,,,,,,,,,,
,,,,,,,,,,,,,,,,,,,,,,,,,,,,,,,,,,,,,,,,,,,,,,,,,,,,,,,,,,,,,,,,,,,,,,,,,,,,,,,,,,,,
,,,,,,,,,,,,,,,,,,,,,,,,,,,,,,,,,,,,,,,,,,,,,,,,,,,,,,,,,,,,,,,,,,,,,,,,,,,,,,,,,,,,
,,,,,,,,,,,,,,,,,,,,,,,,,,,,,,,,,,,,,,,,,,,,,,,,,,,,,,,,,,,,,,,,,,,,,,,,,,,,,,,,,,,,
,,,,,,,,,,,,,,,,,,,,,,,,,,,,,,,,,,,,,,,,,,,,,,,,,,,,,,,,,,,,,,,,,,,,,,,,,,,,,,,,,,,,
,,,,,,,,,,,,,,,,,,,,,,,,,,,,,,,,,,,,,,,,,,,,,,,,,,,,,,,,,,,,,,,,,,,,,,,,,,,,,,,,,,,,
,,,,,,,,,,,,,,,,,,,,,,,,,,,,,,,,,,,,,,,,,,,,,,,,,,,,,,,,,,,,,,,,,,,,,,,,,,,,,,,,,,,,
,,,,,,,,,,,,,,,,,,,,,,,,,,,,,,,,,,,,,,,,,,,,,,,,,,,,,,,,,,,,,,,,,,,,,,,,,,,,,,,,,,,,
,,,,,,,,,,,,,,,,,,,,,,,,,,,,,,,,,,,,,,,,,,,,,,,,,,,,,,,,,,,,,,,,,,,,,,,,,,,,,,,,,,,,
,,,,,,,,,,,,,,,,,,,,,,,,,,,,,,,,,,,,,,,,,,,,,,,,,,,,,,,,,,,,,,,,,,,,,,,,,,,,,,,,,,,,
,,,,,,,,,,,,,,,,,,,,,,,,,,,,,,,,,,,,,,,,,,,,,,,,,,,,,,,,,,,,,,,,,,,,,,,,,,,,,,,,,,,,
,,,,,,,,,,,,,,,,,,,,,,,,,,,,,,,,,,,,,,,,,,,,,,,,,,,,,,,,,,,,,,,,,,,,,,,,,,,,,,,,,,,,
,,,,,,,,,,,,,,,,,,,,,,,,,,,,,,,,,,,,,,,,,,,,,,,,,,,,,,,,,,,,,,,,,,,,,,,,,,,,,,,,,,,,
,,,,,,,,,,,,,,,,,,,,,,,,,,,,,,,,,,,,,,,,,,,,,,,,,,,,,,,,,,,,,,,,,,,,,,,,,,,,,,,,,,,,
,,,,,,,,,,,,,,,,,,,,,,,,,,,,,,,,,,,,,,,,,,,,,,,,,,,,,,,,,,,,,,,,,,,,,,,,,,,,,,,,,,,,
,,,,,,,,,,,,,,,,,,,,,,,,,,,,,,,,,,,,,,,,,,,,,,,,,,,,,,,,,,,,,,,,,,,,,,,,,,,,,,,,,,,,
,,,,,,,,,,,,,,,,,,,,,,,,,,,,,,,,,,,,,,,,,,,,,,,,,,,,,,,,,,,,,,,,,,,,,,,,,,,,,,,,,,,,
,,,,,,,,,,,,,,,,,,,,,,,,,,,,,,,,,,,,,,,,,,,,,,,,,,,,,,,,,,,,,,,,,,,,,,,,,,,,,,,,,,,,
,,,,,,,,,,,,,,,,,,,,,,,,,,,,,,,,,,,,,,,,,,,,,,,,,,,,,,,,,,,,,,,,,,,,,,,,,,,,,,,,,,,,
,,,,,,,,,,,,,,,,,,,,,,,,,,,,,,,,,,,,,,,,,,,,,,,,,,,,,,,,,,,,,,,,,,,,,,,,,,,,,,,,,,,,
,,,,,,,,,,,,,,,,,,,,,,,,,,,,,,,,,,,,,,,,,,,,,,,,,,,,,,,,,,,,,,,,,,,,,,,,,,,,,,,,,,,,
,,,,,,,,,,,,,,,,,,,,,,,,,,,,,,,,,,,,,,,,,,,,,,,,,,,,,,,,,,,,,,,,,,,,,,,,,,,,,,,,,,,,
,,,,,,,,,,,,,,,,,,,,,,,,,,,,,,,,,,,,,,,,,,,,,,,,,,,,,,,,,,,,,,,,,,,,,,,,,,,,,,,,,,,,
,,,,,,,,,,,,,,,,,,,,,,,,,,,,,,,,,,,,,,,,,,,,,,,,,,,,,,,,,,,,,,,,,,,,,,,,,,,,,,,,,,,,
,,,,,,,,,,,,,,,,,,,,,,,,,,,,,,,,,,,,,,,,,,,,,,,,,,,,,,,,,,,,,,,,,,,,,,,,,,,,,,,,,,,,
,,,,,,,,,,,,,,,,,,,,,,,,,,,,,,,,,,,,,,,,,,,,,,,,,,,,,,,,,,,,,,,,,,,,,,,,,,,,,,,,,,,,
,,,,,,,,,,,,,,,,,,,,,,,,,,,,,,,,,,,,,,,,,,,,,,,,,,,,,,,,,,,,,,,,,,,,,,,,,,,,,,,,,,,,
,,,,,,,,,,,,,,,,,,,,,,,,,,,,,,,,,,,,,,,,,,,,,,,,,,,,,,,,,,,,,,,,,,,,,,,,,,,,,,,,,,,,
,,,,,,,,,,,,,,,,,,,,,,,,,,,,,,,,,,,,,,,,,,,,,,,,,,,,,,,,,,,,,,,,,,,,,,,,,,,,,,,,,,,,
,,,,,,,,,,,,,,,,,,,,,,,,,,,,,,,,,,,,,,,,,,,,,,,,,,,,,,,,,,,,,,,,,,,,,,,,,,,,,,,,,,,,
,,,,,,,,,,,,,,,,,,,,,,,,,,,,,,,,,,,,,,,,,,,,,,,,,,,,,,,,,,,,,,,,,,,,,,,,,,,,,,,,,,,,
,,,,,,,,,,,,,,,,,,,,,,,,,,,,,,,,,,,,,,,,,,,,,,,,,,,,,,,,,,,,,,,,,,,,,,,,,,,,,,,,,,,,
,,,,,,,,,,,,,,,,,,,,,,,,,,,,,,,,,,,,,,,,,,,,,,,,,,,,,,,,,,,,,,,,,,,,,,,,,,,,,,,,,,,,
,,,,,,,,,,,,,,,,,,,,,,,,,,,,,,,,,,,,,,,,,,,,,,,,,,,,,,,,,,,,,,,,,,,,,,,,,,,,,,,,,,,,
,,,,,,,,,,,,,,,,,,,,,,,,,,,,,,,,,,,,,,,,,,,,,,,,,,,,,,,,,,,,,,,,,,,,,,,,,,,,,,,,,,,,
,,,,,,,,,,,,,,,,,,,,,,,,,,,,,,,,,,,,,,,,,,,,,,,,,,,,,,,,,,,,,,,,,,,,,,,,,,,,,,,,,,,,
,,,,,,,,,,,,,,,,,,,,,,,,,,,,,,,,,,,,,,,,,,,,,,,,,,,,,,,,,,,,,,,,,,,,,,,,,,,,,,,,,,,,
,,,,,,,,,,,,,,,,,,,,,,,,,,,,,,,,,,,,,,,,,,,,,,,,,,,,,,,,,,,,,,,,,,,,,,,,,,,,,,,,,,,,
,,,,,,,,,,,,,,,,,,,,,,,,,,,,,,,,,,,,,,,,,,,,,,,,,,,,,,,,,,,,,,,,,,,,,,,,,,,,,,,,,,,,
,,,,,,,,,,,,,,,,,,,,,,,,,,,,,,,,,,,,,,,,,,,,,,,,,,,,,,,,,,,,,,,,,,,,,,,,,,,,,,,,,,,,
,,,,,,,,,,,,,,,,,,,,,,,,,,,,,,,,,,,,,,,,,,,,,,,,,,,,,,,,,,,,,,,,,,,,,,,,,,,,,,,,,,,,
,,,,,,,,,,,,,,,,,,,,,,,,,,,,,,,,,,,,,,,,,,,,,,,,,,,,,,,,,,,,,,,,,,,,,,,,,,,,,,,,,,,,
,,,,,,,,,,,,,,,,,,,,,,,,,,,,,,,,,,,,,,,,,,,,,,,,,,,,,,,,,,,,,,,,,,,,,,,,,,,,,,,,,,,,
