date,temperature_2m_max,temperature_2m_min,precipitation_sum,sunshine_duration,temperature_2m_mean
2024-01-01 00:00:00+00:00,15.296,5.396,0.0,34956.35,10.321
2024-01-02 00:00:00+00:00,18.896,9.046,0.9,34982.11,14.008499
2024-01-03 00:00:00+00:00,19.296,4.396,0.0,34464.375,12.243916
2024-01-04 00:00:00+00:00,15.246,5.196,0.0,35040.164,10.429334
2024-01-05 00:00:00+00:00,20.696,8.646,0.0,35050.47,14.11058
2024-01-06 00:00:00+00:00,21.496,9.646,0.0,35039.758,14.498082
2024-01-07 00:00:00+00:00,16.946,8.596001,0.0,32426.914,12.085582
2024-01-08 00:00:00+00:00,16.346,10.396,6.499999,16752.852,12.935585
2024-01-09 00:00:00+00:00,17.046,9.646,1.4000001,2056.9182,13.293918
2024-01-10 00:00:00+00:00,21.046,8.096001,0.0,33021.316,12.931415
2024-01-11 00:00:00+00:00,15.746,5.296,0.0,28176.113,10.206418
2024-01-12 00:00:00+00:00,19.345999,8.146,0.0,35010.465,12.5251665
2024-01-13 00:00:00+00:00,21.296,7.046,0.0,35011.945,12.62725
2024-01-14 00:00:00+00:00,22.595999,8.396,0.0,35015.21,15.235583
2024-01-15 00:00:00+00:00,18.246,9.296,0.0,32003.895,12.9085
2024-01-16 00:00:00+00:00,17.146,6.596,0.0,32417.756,11.406417
2024-01-17 00:00:00+00:00,22.196,10.096001,0.0,35034.516,15.870998
2024-01-18 00:00:00+00:00,24.796,13.195999,0.0,35044.047,17.985582
2024-01-19 00:00:00+00:00,20.646,15.346001,0.2,19598.201,16.756418
2024-01-20 00:00:00+00:00,21.095999,12.296,0.6,19305.707,15.806416
2024-01-21 00:00:00+00:00,14.445999,9.396,0.3,0.0,12.0980835
2024-01-22 00:00:00+00:00,9.746,3.196,9.7,0.0,6.3126664
2024-01-23 00:00:00+00:00,10.496,-0.50399995,1.0,11183.848,4.5668335
2024-01-24 00:00:00+00:00,10.996,2.796,0.0,31532.047,6.4689164
2024-01-25 00:00:00+00:00,12.646,2.696,0.0,28952.328,7.843916
2024-01-26 00:00:00+00:00,13.746,5.796,0.0,35239.9,9.277249
2024-01-27 00:00:00+00:00,12.496,7.496,0.0,12169.461,9.393918
2024-01-28 00:00:00+00:00,14.695999,5.446,0.0,18510.346,9.698084
2024-01-29 00:00:00+00:00,17.095999,8.396,0.4,23169.26,12.875168
2024-01-30 00:00:00+00:00,20.196,11.445999,0.0,30234.219,14.675166
2024-01-31 00:00:00+00:00,23.996,12.546,0.0,25199.598,17.352251
2024-02-01 00:00:00+00:00,25.546,12.796,2.2999997,25726.254,19.08558
2024-02-02 00:00:00+00:00,14.346001,11.695999,0.1,0.0,12.729335
2024-02-03 00:00:00+00:00,20.396,12.296,0.0,22865.91,15.0772505
2024-02-04 00:00:00+00:00,16.196,8.896,4.7000003,0.0,13.016835
2024-02-05 00:00:00+00:00,17.146,9.546,0.0,26496.588,12.491834
2024-02-06 00:00:00+00:00,13.096001,8.346001,1.5,2646.6367,10.271001
2024-02-07 00:00:00+00:00,10.445999,6.496,26.399998,0.0,8.45225
2024-02-08 00:00:00+00:00,9.146,7.246,1.3000001,0.0,8.183499
2024-02-09 00:00:00+00:00,13.096001,4.296,0.2,976.9031,8.6501665
2024-02-10 00:00:00+00:00,16.096,4.646,0.0,36755.668,9.854333
2024-02-11 00:00:00+00:00,19.095999,6.096,0.0,37464.746,11.560584
2024-02-12 00:00:00+00:00,18.396,7.196,0.0,37538.465,12.446
2024-02-13 00:00:00+00:00,21.246,8.945999,0.0,37476.4,14.520996
2024-02-14 00:00:00+00:00,24.446,12.596001,0.0,37532.12,17.587664
2024-02-15 00:00:00+00:00,25.646,10.396,3.0,36367.49,17.129332
2024-02-16 00:00:00+00:00,14.396,7.746,0.7,14578.125,10.410583
2024-02-17 00:00:00+00:00,21.196,9.746,0.0,37948.46,14.073083
2024-02-18 00:00:00+00:00,27.496,12.695999,0.0,34008.875,19.071
2024-02-19 00:00:00+00:00,28.296,15.796,0.0,26449.137,21.071001
2024-02-20 00:00:00+00:00,29.595999,17.095999,0.0,33173.71,21.108498
2024-02-21 00:00:00+00:00,31.146,13.945999,1.5,34461.734,22.246
2024-02-22 00:00:00+00:00,14.896,10.396,1.1000001,73.725815,12.468917
2024-02-23 00:00:00+00:00,13.496,9.846001,1.2,0.0,11.135585
2024-02-24 00:00:00+00:00,14.695999,10.046,3.2,576.5529,11.981418
2024-02-25 00:00:00+00:00,12.746,8.346001,3.3999999,649.8905,10.435584
2024-02-26 00:00:00+00:00,10.396,8.046,4.9999995,0.0,8.8897505
2024-02-27 00:00:00+00:00,13.746,8.796,0.4,3567.206,10.571001
2024-02-28 00:00:00+00:00,16.296,10.246,0.3,19170.275,12.408501
2024-02-29 00:00:00+00:00,17.246,9.346001,19.900002,5834.4243,12.366833
2024-03-01 00:00:00+00:00,13.096001,5.196,1.1,694.1594,9.10225
2024-03-02 00:00:00+00:00,12.445999,4.196,0.0,29565.572,8.558499
2024-03-03 00:00:00+00:00,14.896,7.196,0.4,38590.67,11.062667
2024-03-04 00:00:00+00:00,23.196,12.346001,0.1,35995.023,17.035582
2024-03-05 00:00:00+00:00,28.946,14.046,6.1,30759.041,21.550165
2024-03-06 00:00:00+00:00,16.896,11.046,5.5,5424.862,13.93975
2024-03-07 00:00:00+00:00,17.496,8.096001,0.0,27282.623,11.908501
2024-03-08 00:00:00+00:00,17.595999,6.746,0.1,38756.227,11.858502
2024-03-09 00:00:00+00:00,11.496,7.796,2.6999998,6369.2188,9.62725
2024-03-10 00:00:00+00:00,16.896,10.346001,2.9000003,36464.773,13.202248
2024-03-11 00:00:00+00:00,15.396,8.246,13.200001,100.519264,12.0668335
2024-03-12 00:00:00+00:00,21.595999,10.246,0.0,38883.17,15.518917
2024-03-13 00:00:00+00:00,16.896,10.896,0.0,13905.697,13.298083
2024-03-14 00:00:00+00:00,18.146,12.695999,12.7,3852.2754,14.939748
2024-03-15 00:00:00+00:00,19.446,14.096001,4.5999994,2293.165,15.973081
2024-03-16 00:00:00+00:00,21.446,15.195999,2.4999998,15812.557,17.871
2024-03-17 00:00:00+00:00,26.345999,13.195999,1.8000001,32554.492,18.379332
2024-03-18 00:00:00+00:00,17.246,11.096001,0.2,27112.955,13.523084
2024-03-19 00:00:00+00:00,19.746,9.046,0.0,29498.5,13.506416
2024-03-20 00:00:00+00:00,18.095999,9.096001,0.0,40414.41,13.2439165
2024-03-21 00:00:00+00:00,19.296,11.546,0.0,31824.354,15.225165
2024-03-22 00:00:00+00:00,26.246,14.445999,0.0,25886.852,19.406414
2024-03-23 00:00:00+00:00,27.746,16.646,0.5,20054.043,20.881414
2024-03-24 00:00:00+00:00,32.146,18.046,0.0,39964.69,24.439749
2024-03-25 00:00:00+00:00,33.596,18.796,0.0,40839.91,25.487663
2024-03-26 00:00:00+00:00,23.946,14.046,0.0,37220.797,17.558498
2024-03-27 00:00:00+00:00,20.246,13.695999,0.0,39316.016,16.62933
2024-03-28 00:00:00+00:00,28.746,16.046,9.400001,35540.99,21.254333
2024-03-29 00:00:00+00:00,27.796,17.446,3.6000001,38185.426,21.043917
2024-03-30 00:00:00+00:00,27.146,18.845999,2.1,28229.285,22.393915
2024-03-31 00:00:00+00:00,27.095999,18.296,14.0,16393.898,22.83767
2024-04-01 00:00:00+00:00,24.546,18.296,0.1,30391.85,21.018911
2024-04-02 00:00:00+00:00,31.546,20.996,0.0,39690.6,25.693914
2024-04-03 00:00:00+00:00,34.546,19.196,13.199999,33377.836,26.454336
2024-04-04 00:00:00+00:00,19.996,15.246,16.099998,0.0,17.356419
2024-04-05 00:00:00+00:00,17.396,13.996,8.8,1018.71436,15.491834
2024-04-06 00:00:00+00:00,21.345999,15.796,20.6,11733.13,17.441833
2024-04-07 00:00:00+00:00,20.696,16.246,3.2,1902.3525,17.737665
2024-04-08 00:00:00+00:00,24.496,16.196,3.5,19906.379,19.652252
2024-04-09 00:00:00+00:00,20.095999,12.546,0.2,11048.782,17.010582
2024-04-10 00:00:00+00:00,22.095999,17.146,0.0,32266.648,19.106415
2024-04-11 00:00:00+00:00,27.146,17.146,0.0,37843.58,20.983496
2024-04-12 00:00:00+00:00,27.496,20.396,1.3000001,25200.0,23.125168
2024-04-13 00:00:00+00:00,25.095999,19.396,0.1,4882.959,21.502249
2024-04-14 00:00:00+00:00,31.246,19.896,0.1,27977.967,24.437668
2024-04-15 00:00:00+00:00,32.446,21.595999,1.8000001,38820.832,26.01267
2024-04-16 00:00:00+00:00,28.996,22.796,1.2,33161.66,25.045996
2024-04-17 00:00:00+00:00,28.696,20.396,12.5,19435.955,23.91475
2024-04-18 00:00:00+00:00,23.996,16.396,2.0,25118.502,19.96058
2024-04-19 00:00:00+00:00,24.095999,17.845999,1.5,29923.676,20.427248
2024-04-20 00:00:00+00:00,30.946,21.496,4.4999995,33093.12,24.893911
2024-04-21 00:00:00+00:00,29.446,20.146,26.0,25970.965,24.104332
2024-04-22 00:00:00+00:00,26.946,20.946,11.200002,11798.818,23.100168
2024-04-23 00:00:00+00:00,26.095999,20.696,9.2,15469.815,22.833498
2024-04-24 00:00:00+00:00,23.095999,17.996,3.7000003,20747.47,20.277248
2024-04-25 00:00:00+00:00,22.095999,18.595999,7.8999996,6858.4185,19.948084
2024-04-26 00:00:00+00:00,26.896,20.946,2.1999998,16288.386,23.098078
2024-04-27 00:00:00+00:00,27.296,21.046,0.70000005,10941.757,23.170998
2024-04-28 00:00:00+00:00,28.696,19.446,1.7,26601.826,23.793917
2024-04-29 00:00:00+00:00,32.596,22.696,5.3999996,36671.1,26.66475
2024-04-30 00:00:00+00:00,26.845999,19.546,24.400002,851.72266,23.443914
2024-05-01 00:00:00+00:00,21.796,17.496,4.5,465.6745,18.970999
2024-05-02 00:00:00+00:00,23.396,15.646,0.1,23260.777,18.61058
2024-05-03 00:00:00+00:00,24.146,18.496,1.5,39600.0,20.541832
2024-05-04 00:00:00+00:00,23.345999,19.796,11.099999,7769.9077,21.379332
2024-05-05 00:00:00+00:00,30.345999,19.696,1.9000002,35653.914,24.579336
2024-05-06 00:00:00+00:00,30.396,19.845999,0.0,39600.0,24.152246
2024-05-07 00:00:00+00:00,26.095999,20.496,0.0,14214.013,23.200165
2024-05-08 00:00:00+00:00,27.946,17.696,0.6,40126.16,22.462662
2024-05-09 00:00:00+00:00,24.296,15.296,0.0,36000.0,19.885584
2024-05-10 00:00:00+00:00,26.095999,19.746,0.2,39600.0,22.61683
2024-05-11 00:00:00+00:00,31.546,21.845999,0.5,26452.28,25.250166
2024-05-12 00:00:00+00:00,28.845999,17.196,32.699993,8926.934,22.6085
2024-05-13 00:00:00+00:00,22.996,12.546,0.9,33556.062,17.900167
2024-05-14 00:00:00+00:00,25.095999,14.246,0.0,43387.46,19.61683
2024-05-15 00:00:00+00:00,27.595999,16.496,0.0,43200.0,22.191833
2024-05-16 00:00:00+00:00,24.396,12.996,0.0,43375.934,19.106413
2024-05-17 00:00:00+00:00,28.146,16.796,0.0,43243.82,22.081413
2024-05-18 00:00:00+00:00,29.095999,17.696,0.0,41139.125,23.698082
2024-05-19 00:00:00+00:00,29.595999,20.845999,5.7,27012.207,24.22933
2024-05-20 00:00:00+00:00,24.696,21.146,20.500002,1498.1793,22.65225
2024-05-21 00:00:00+00:00,23.496,20.746,68.200005,0.0,22.23142
2024-05-22 00:00:00+00:00,24.595999,20.496,17.099998,0.0,22.025167
2024-05-23 00:00:00+00:00,23.546,21.196,16.800003,0.0,22.275167
2024-05-24 00:00:00+00:00,29.296,22.696,0.3,16320.16,24.93975
2024-05-25 00:00:00+00:00,28.446,22.696,9.8,18282.361,24.837664
2024-05-26 00:00:00+00:00,31.595999,23.446,2.4,38166.44,26.527246
2024-05-27 00:00:00+00:00,30.646,23.345999,7.799999,20336.072,26.408499
2024-05-28 00:00:00+00:00,25.546,16.946,0.3,39141.363,21.737669
2024-05-29 00:00:00+00:00,25.595999,18.246,0.0,40333.48,21.554335
2024-05-30 00:00:00+00:00,27.496,21.796,2.4,25987.46,24.568916
2024-05-31 00:00:00+00:00,32.896,22.746,19.0,34689.008,26.99392
2024-06-01 00:00:00+00:00,23.996,20.296,44.600002,0.0,21.856415
2024-06-02 00:00:00+00:00,21.546,17.046,12.5,3805.457,19.656414
2024-06-03 00:00:00+00:00,23.296,15.396,0.0,9317.549,20.441832
2024-06-04 00:00:00+00:00,26.446,19.595999,1.2,15866.601,21.74183
2024-06-05 00:00:00+00:00,22.896,20.196,9.8,0.0,21.510582
2024-06-06 00:00:00+00:00,24.396,20.746,0.4,5113.9062,22.35433
2024-06-07 00:00:00+00:00,27.396,21.146,0.1,26677.3,23.856413
2024-06-08 00:00:00+00:00,30.296,22.946,16.800001,32400.0,25.63558
2024-06-09 00:00:00+00:00,29.595999,23.896,25.5,14263.857,25.493917
2024-06-10 00:00:00+00:00,30.646,24.696,8.7,10800.0,26.97933
2024-06-11 00:00:00+00:00,31.946,24.496,6.9999995,23256.617,27.531416
2024-06-12 00:00:00+00:00,32.596,24.546,21.1,21577.547,27.789747
2024-06-13 00:00:00+00:00,29.595999,25.196,12.9,9447.491,27.171
2024-06-14 00:00:00+00:00,31.296,24.946,18.900002,18294.21,27.29183
2024-06-15 00:00:00+00:00,28.896,25.046,25.300001,0.0,26.941833
2024-06-16 00:00:00+00:00,30.345999,24.946,36.6,10800.0,26.52933
2024-06-17 00:00:00+00:00,31.946,24.146,10.299999,11723.934,27.18558
2024-06-18 00:00:00+00:00,26.396,23.896,11.300001,0.0,24.77308
2024-06-19 00:00:00+00:00,31.196,24.896,2.4,23941.027,27.76683
2024-06-20 00:00:00+00:00,35.546,25.496,0.5,40948.72,29.704332
2024-06-21 00:00:00+00:00,35.946003,25.845999,0.0,43699.562,30.064749
2024-06-22 00:00:00+00:00,36.046,26.146,0.0,41814.797,30.548086
2024-06-23 00:00:00+00:00,35.946003,26.196,0.4,43006.344,30.325163
2024-06-24 00:00:00+00:00,35.246002,25.595999,6.6,36750.684,29.941832
2024-06-25 00:00:00+00:00,34.796,25.396,3.5,34069.027,28.891829
2024-06-26 00:00:00+00:00,32.646,26.095999,1.5000001,30152.947,28.668915
2024-06-27 00:00:00+00:00,34.696003,25.646,2.2,36280.367,29.520998
2024-06-28 00:00:00+00:00,32.746002,26.246,0.70000005,39008.957,29.233498
2024-06-29 00:00:00+00:00,32.846,25.845999,1.9000001,36000.0,29.102251
2024-06-30 00:00:00+00:00,34.296,26.095999,1.1,42654.24,29.860582
2024-07-01 00:00:00+00:00,34.696003,26.196,0.7,43200.0,30.11683
2024-07-02 00:00:00+00:00,35.196003,26.796,0.0,44770.63,30.675169
2024-07-03 00:00:00+00:00,36.746002,25.595999,0.0,45029.395,30.714752
2024-07-04 00:00:00+00:00,38.246002,27.595999,0.0,45339.117,32.246
2024-07-05 00:00:00+00:00,37.496002,26.646,0.0,45377.55,31.823082
2024-07-06 00:00:00+00:00,37.296,25.595999,0.0,45121.246,31.24183
2024-07-07 00:00:00+00:00,36.646,26.246,0.4,44651.44,31.062666
2024-07-08 00:00:00+00:00,36.596,25.496,0.0,44463.816,30.89183
2024-07-09 00:00:00+00:00,37.046,25.646,0.0,44462.14,31.12725
2024-07-10 00:00:00+00:00,37.646,25.646,0.0,44460.273,31.339754
2024-07-11 00:00:00+00:00,38.746002,26.996,0.4,44584.668,31.9835
2024-07-12 00:00:00+00:00,38.846,27.246,0.1,38957.773,32.170998
2024-07-13 00:00:00+00:00,39.096,26.546,0.70000005,42752.777,31.737669
2024-07-14 00:00:00+00:00,38.446003,26.296,0.2,44075.695,31.748083
2024-07-15 00:00:00+00:00,36.696003,26.246,0.0,43576.73,30.76266
2024-07-16 00:00:00+00:00,36.696003,26.345999,1.3000001,44573.586,30.395998
2024-07-17 00:00:00+00:00,38.346,26.095999,0.3,44564.535,31.65225
2024-07-18 00:00:00+00:00,40.196003,26.946,0.0,44816.496,33.014748
2024-07-19 00:00:00+00:00,39.746002,27.095999,0.0,44798.965,33.250168
2024-07-20 00:00:00+00:00,39.496002,27.796,0.0,44308.85,33.212666
2024-07-21 00:00:00+00:00,36.996002,26.595999,0.0,44785.418,31.70225
2024-07-22 00:00:00+00:00,36.596,26.396,0.6,44658.83,31.241837
2024-07-23 00:00:00+00:00,36.546,27.196,2.6999998,40342.793,30.968916
2024-07-24 00:00:00+00:00,35.246002,26.496,31.7,26020.787,29.337664
2024-07-25 00:00:00+00:00,27.595999,26.196,109.6,0.0,26.783495
2024-07-26 00:00:00+00:00,28.896,26.046,63.500004,0.0,27.12308
2024-07-27 00:00:00+00:00,29.246,26.196,8.800001,4005.5334,27.316832
2024-07-28 00:00:00+00:00,30.896,25.446,10.2,36270.406,27.61683
2024-07-29 00:00:00+00:00,31.696,26.146,5.2,34945.54,28.287666
2024-07-30 00:00:00+00:00,32.096,25.746,6.399999,38502.18,28.39808
2024-07-31 00:00:00+00:00,33.096,26.496,1.1,43925.594,29.275167
2024-08-01 00:00:00+00:00,35.796,27.396,0.4,43815.027,30.825165
2024-08-02 00:00:00+00:00,35.546,28.746,0.0,43918.21,31.793913
2024-08-03 00:00:00+00:00,37.696003,26.996,5.3999996,43200.0,31.070997
2024-08-04 00:00:00+00:00,35.496002,25.446,0.3,43806.715,29.920996
2024-08-05 00:00:00+00:00,34.496002,26.546,0.3,40502.07,29.793915
2024-08-06 00:00:00+00:00,33.896,25.446,0.2,43798.758,29.227247
2024-08-07 00:00:00+00:00,35.296,26.246,0.0,43408.145,30.350164
2024-08-08 00:00:00+00:00,35.846,26.046,1.6000001,43200.0,30.30433
2024-08-09 00:00:00+00:00,35.846,27.246,0.0,39600.0,30.52933
2024-08-10 00:00:00+00:00,34.496002,27.095999,3.3000002,41473.734,30.496002
2024-08-11 00:00:00+00:00,35.196003,26.246,0.4,43329.652,30.479332
2024-08-12 00:00:00+00:00,35.946003,27.646,0.70000005,36000.0,30.948084
2024-08-13 00:00:00+00:00,35.346,26.746,5.2999997,29048.76,29.704332
2024-08-14 00:00:00+00:00,31.046,25.646,15.300003,20278.865,27.427252
2024-08-15 00:00:00+00:00,29.896,26.046,24.800007,21793.012,27.268913
2024-08-16 00:00:00+00:00,29.696,25.396,19.1,9988.004,26.960579
2024-08-17 00:00:00+00:00,30.896,25.496,33.1,25098.6,27.085585
2024-08-18 00:00:00+00:00,30.746,25.595999,22.100002,31963.072,27.371
2024-08-19 00:00:00+00:00,30.196,26.196,11.700001,36000.0,27.675169
2024-08-20 00:00:00+00:00,29.696,25.296,9.099998,15176.943,27.020998
2024-08-21 00:00:00+00:00,32.596,25.646,18.300003,31997.404,28.173082
2024-08-22 00:00:00+00:00,31.046,26.196,14.800001,41018.7,28.577248
2024-08-23 00:00:00+00:00,32.746002,25.696,8.700001,42199.49,28.364746
2024-08-24 00:00:00+00:00,32.246002,25.546,10.0,39600.0,28.387665
2024-08-25 00:00:00+00:00,33.146,25.696,0.5,40710.363,28.543915
2024-08-26 00:00:00+00:00,32.946003,25.796,0.0,42979.91,29.11683
2024-08-27 00:00:00+00:00,34.196003,27.796,3.1999998,40165.074,30.9335
2024-08-28 00:00:00+00:00,31.396,26.496,26.000004,21634.92,28.14183
2024-08-29 00:00:00+00:00,31.595999,25.095999,4.8999996,33297.355,27.87308
2024-08-30 00:00:00+00:00,33.546,25.646,1.7,42719.715,29.129332
2024-08-31 00:00:00+00:00,33.596,26.246,6.1,29739.611,28.8835
2024-09-01 00:00:00+00:00,33.246002,26.896,2.1999998,41484.71,30.041832
2024-09-02 00:00:00+00:00,33.896,26.396,1.9000001,41878.39,29.535582
2024-09-03 00:00:00+00:00,32.396,25.046,0.3,41055.98,28.15642
2024-09-04 00:00:00+00:00,32.096,25.646,0.1,37159.33,28.379332
2024-09-05 00:00:00+00:00,32.546,26.345999,0.3,37754.16,29.018919
2024-09-06 00:00:00+00:00,31.946,26.496,4.7,35679.453,28.43975
2024-09-07 00:00:00+00:00,30.696,25.396,10.100002,29282.852,27.487665
2024-09-08 00:00:00+00:00,30.396,24.746,5.6000004,40578.89,27.333498
2024-09-09 00:00:00+00:00,31.595999,24.246,2.2,42142.18,27.523085
2024-09-10 00:00:00+00:00,33.696003,24.496,0.0,42054.918,28.941832
2024-09-11 00:00:00+00:00,34.196003,25.946,0.0,41966.926,29.85433
2024-09-12 00:00:00+00:00,32.596,25.646,4.0999994,39169.543,28.739746
2024-09-13 00:00:00+00:00,31.396,24.396,1.2,38830.38,27.714746
2024-09-14 00:00:00+00:00,29.046,24.896,34.299995,4353.2754,26.616835
2024-09-15 00:00:00+00:00,28.845999,25.496,19.099998,29862.934,26.743912
2024-09-16 00:00:00+00:00,31.896,26.595999,2.5999997,29518.15,28.675163
2024-09-17 00:00:00+00:00,32.046,24.845999,2.7,38863.36,28.177248
2024-09-18 00:00:00+00:00,31.996,25.796,2.3,34405.43,28.000166
2024-09-19 00:00:00+00:00,31.595999,25.696,6.9,32949.36,28.306414
2024-09-20 00:00:00+00:00,32.346,25.796,3.1999996,37614.44,28.679335
2024-09-21 00:00:00+00:00,33.596,25.296,47.79999,36000.0,28.512665
2024-09-22 00:00:00+00:00,26.296,22.496,69.00001,0.0,24.300165
2024-09-23 00:00:00+00:00,23.246,22.646,54.699997,0.0,22.92933
2024-09-24 00:00:00+00:00,27.046,23.396,27.4,845.9259,25.25225
2024-09-25 00:00:00+00:00,29.095999,24.146,26.300003,16470.83,25.993912
2024-09-26 00:00:00+00:00,28.746,24.595999,8.099999,19145.945,26.039747
2024-09-27 00:00:00+00:00,29.345999,23.646,10.300001,28967.682,25.875166
2024-09-28 00:00:00+00:00,29.496,22.546,1.0,33309.965,25.600166
2024-09-29 00:00:00+00:00,29.196,24.996,1.3000002,29262.168,26.564745
2024-09-30 00:00:00+00:00,30.496,24.996,5.8999996,34726.22,27.104332
2024-10-01 00:00:00+00:00,29.396,21.396,10.6,24852.85,25.531412
2024-10-02 00:00:00+00:00,23.146,19.345999,3.6,315.20142,21.198084
2024-10-03 00:00:00+00:00,24.046,19.696,1.5,14400.0,21.30433
2024-10-04 00:00:00+00:00,24.845999,20.496,22.400002,7833.007,21.416832
2024-10-05 00:00:00+00:00,26.546,21.396,1.7000002,14400.0,23.987665
2024-10-06 00:00:00+00:00,29.446,23.746,14.100001,31367.969,25.677248
2024-10-07 00:00:00+00:00,27.446,22.396,23.199999,25478.566,24.750166
2024-10-08 00:00:00+00:00,24.595999,21.345999,0.3,0.0,22.864752
2024-10-09 00:00:00+00:00,25.246,19.996,1.7,24941.977,22.029333
2024-10-10 00:00:00+00:00,24.796,16.546,0.0,28991.445,20.598083
2024-10-11 00:00:00+00:00,25.146,17.546,0.0,37276.273,20.78975
2024-10-12 00:00:00+00:00,25.946,21.095999,0.4,25666.598,23.218912
2024-10-13 00:00:00+00:00,27.796,21.496,1.9000001,36580.324,24.443916
2024-10-14 00:00:00+00:00,29.246,21.696,0.6,36000.0,24.900164
2024-10-15 00:00:00+00:00,28.746,22.446,2.2,34686.67,25.048079
2024-10-16 00:00:00+00:00,28.646,20.446,0.0,36000.0,24.410578
2024-10-17 00:00:00+00:00,29.196,22.196,0.4,30824.01,25.07725
2024-10-18 00:00:00+00:00,30.595999,23.146,0.0,32465.68,26.114746
2024-10-19 00:00:00+00:00,31.296,22.246,0.3,33461.64,25.529327
2024-10-20 00:00:00+00:00,27.046,18.946,0.0,33368.71,22.31058
2024-10-21 00:00:00+00:00,29.696,20.496,0.1,36848.86,24.443916
2024-10-22 00:00:00+00:00,28.296,19.996,0.90000004,36731.008,24.323082
2024-10-23 00:00:00+00:00,26.595999,17.046,0.0,36965.824,20.858496
2024-10-24 00:00:00+00:00,23.796,18.896,0.0,35130.316,21.631416
2024-10-25 00:00:00+00:00,25.595999,21.646,0.5,0.0,23.773079
2024-10-26 00:00:00+00:00,25.146,22.595999,5.5000005,94.51229,23.443914
2024-10-27 00:00:00+00:00,28.845999,21.196,1.4000002,31672.488,24.862663
2024-10-28 00:00:00+00:00,24.946,18.046,0.2,19224.24,21.62725
2024-10-29 00:00:00+00:00,25.446,17.696,0.0,36837.87,20.954334
2024-10-30 00:00:00+00:00,25.746,19.246,0.0,32400.0,22.95225
2024-10-31 00:00:00+00:00,26.095999,20.146,29.199999,1947.3582,23.400164
2024-11-01 00:00:00+00:00,22.796,18.196,16.400002,410.89142,20.662666
2024-11-02 00:00:00+00:00,26.396,18.896,0.0,35932.027,21.995996
2024-11-03 00:00:00+00:00,24.746,16.446,0.0,35785.17,20.410583
2024-11-04 00:00:00+00:00,26.496,17.746,0.0,32617.229,22.195997
2024-11-05 00:00:00+00:00,24.345999,15.496,0.0,36018.484,20.177248
2024-11-06 00:00:00+00:00,20.246,12.996,0.0,35664.008,16.27725
2024-11-07 00:00:00+00:00,21.546,13.796,0.0,32978.73,17.070995
2024-11-08 00:00:00+00:00,23.296,15.996,0.0,29798.16,19.98975
2024-11-09 00:00:00+00:00,24.746,17.896,0.0,4513.4663,21.246
2024-11-10 00:00:00+00:00,26.796,18.296,0.0,35527.812,22.360586
2024-11-11 00:00:00+00:00,25.746,18.296,0.0,35496.926,21.391832
2024-11-12 00:00:00+00:00,23.996,19.996,0.2,2968.9841,21.698082
2024-11-13 00:00:00+00:00,22.696,20.446,1.7000002,0.0,21.237665
2024-11-14 00:00:00+00:00,26.646,22.296,7.7,962.35754,24.22516
2024-11-15 00:00:00+00:00,28.396,21.246,11.0,15439.492,24.30433
2024-11-16 00:00:00+00:00,29.246,19.345999,0.0,35103.996,23.59183
2024-11-17 00:00:00+00:00,27.296,16.996,0.0,35338.375,21.618917
2024-11-18 00:00:00+00:00,20.746,15.445999,0.3,28400.49,17.550165
2024-11-19 00:00:00+00:00,20.046,15.596001,10.9,8372.986,17.38975
2024-11-20 00:00:00+00:00,19.746,16.546,16.7,2152.733,17.493916
2024-11-21 00:00:00+00:00,17.595999,12.796,3.9999998,4317.3257,15.564748
2024-11-22 00:00:00+00:00,20.146,13.096001,0.0,35244.234,16.029333
2024-11-23 00:00:00+00:00,20.046,13.996,0.0,12128.431,16.687666
2024-11-24 00:00:00+00:00,21.046,15.246,11.2,24781.898,17.560583
2024-11-25 00:00:00+00:00,19.446,15.195999,12.700001,1625.2081,17.40225
2024-11-26 00:00:00+00:00,21.296,11.646,0.0,31596.475,16.204334
2024-11-27 00:00:00+00:00,19.196,9.346001,0.0,35188.633,14.156415
2024-11-28 00:00:00+00:00,17.946,7.446,0.0,35182.504,12.468918
2024-11-29 00:00:00+00:00,18.095999,8.096001,0.0,35178.26,12.398086
2024-11-30 00:00:00+00:00,17.845999,9.996,0.0,25997.754,13.508499
2024-12-01 00:00:00+00:00,21.646,11.146,0.0,35175.367,15.473086
2024-12-02 00:00:00+00:00,23.396,13.896,0.0,35176.62,18.027246
2024-12-03 00:00:00+00:00,21.896,14.796,0.70000005,27065.783,18.060583
2024-12-04 00:00:00+00:00,19.246,12.796,0.1,447.5893,16.193914
2024-12-05 00:00:00+00:00,21.496,13.945999,0.0,29031.14,17.025164
2024-12-06 00:00:00+00:00,19.746,13.296,0.5,21310.09,16.573082
2024-12-07 00:00:00+00:00,18.396,10.996,0.0,0.0,15.0980835
2024-12-08 00:00:00+00:00,14.396,9.546,0.0,4374.591,12.291833
2024-12-09 00:00:00+00:00,17.246,10.695999,0.0,28581.305,14.112666
2024-12-10 00:00:00+00:00,19.696,12.096001,0.0,10117.655,16.1835
2024-12-11 00:00:00+00:00,22.296,13.246,1.0,32388.963,16.783499
2024-12-12 00:00:00+00:00,17.146,12.046,0.1,25624.916,13.950168
2024-12-13 00:00:00+00:00,16.496,9.195999,0.0,26854.266,13.335582
2024-12-14 00:00:00+00:00,15.046,6.196,0.0,27757.11,10.010583
2024-12-15 00:00:00+00:00,13.796,7.646,0.0,32217.408,10.062668
2024-12-16 00:00:00+00:00,14.945999,5.096,0.0,34863.043,9.698083
2024-12-17 00:00:00+00:00,16.996,6.296,0.0,34851.53,10.621001
2024-12-18 00:00:00+00:00,16.896,5.146,0.0,34842.723,10.783501
2024-12-19 00:00:00+00:00,12.746,6.746,0.0,24611.18,9.887668
2024-12-20 00:00:00+00:00,18.095999,9.496,0.0,32117.951,12.379333
2024-12-21 00:00:00+00:00,17.046,6.946,0.0,33423.87,12.223084
2024-12-22 00:00:00+00:00,12.646,6.596,0.0,34833.785,8.993917
2024-12-23 00:00:00+00:00,15.796,7.246,0.0,18861.973,11.025166
2024-12-24 00:00:00+00:00,16.246,8.945999,0.0,17157.117,13.773084
2024-12-25 00:00:00+00:00,20.746,13.546,1.1,28412.309,16.212666
2024-12-26 00:00:00+00:00,16.496,10.096001,0.1,7082.8154,13.67725
2024-12-27 00:00:00+00:00,17.345999,10.096001,0.0,25383.008,13.360581
2024-12-28 00:00:00+00:00,17.996,4.696,0.0,34892.082,10.50225
2024-12-29 00:00:00+00:00,12.896,6.546,0.0,34909.84,10.25225
2024-12-30 00:00:00+00:00,20.845999,7.746,0.0,34929.83,13.545999
2024-12-31 00:00:00+00:00,18.896,6.296,0.0,34952.008,12.016835
